ID;CODE;TITRE;CONTENU;ANA_DIPLOM;DATE;OBSERVATIONS;PASSAGE_GED;BASE_GED
1;0001/CJ;Conseil D'Administration De La Sonabhy : 6 Juillet 1999 (CJ);Sonabhy, Petrofa, SIR, SKI, Petro-Services, Total Outre MER, Addax, Etat Burkinabe, Performance Management Consulting, Marketer;contrat, convention;2000;;;
2;0002/CJ;Contrats-Plan, Conventions Et Protocoles : Sonabhy Et Sir, Stsl, Trafigura, Etat Et Sosuco, Std-Sodigaz, Total Afrique, Torno, Barro Seydou, Gestoci, Addax, Lnbtp;Contrat-Plan, SIR, Stsl, Trafigura, Sonabhy, Lnbtp, STD Sodigaz APC, Total Afrique, Torno, Barro Seydou, Gestoci, Addax;contrat, correspondance;1986, 1988-1990, 1997;;;
3;0003/CJ;Contrats Et Conventions : Sonabhy Et Stsl, Zedcom, Pride Petroleum, Pierre Nacoulma, Dg Coop, Addax, Sitarail, Total;Sonabhy, Stsl, Zedcom, Pride Petroleum, Pierre Nacoulma, DG Coop, Addax, Sitarail, Total;contrat, convention;2000-2004, 2006;;;
4;0004/CJ;Contrats Et Conventions : Sonabhy Et Etat Burkinabe, Ibi-Corp., Tagui, Std-Sodigaz, Elf Oil Burkina, Burkina Et Shell, Kabore Salam, Mobil Oil Burkina, Sifa, Sofitex, Port Autonome De Cotonou Et Oryx Benin, Me Baadhio, Avidor;Sonabhy, Etat Burkinabe, IBI-Corp., Tagui, STD Sodigaz APC, ELF OIL Burkina, Burkina ET Shell, Kabore Salam, Mobil OIL Burkina, Sifa, Sofitex, Port Autonome DE Cotonou, Oryx Benin, ME Baadhio, Avidor;contrat, convention;1991, 1993, 1994, 1995, 1997-1999;;;
5;0005/CJ;Juridique Et Contentieux : Convention : Burkina Faso Et Sitarail + Convention De Transport Du 03 Avril 1996 + Avenant N°01 Du 03 Avril 1996 : Sonabhy Et Sothy;Contrat, Convention, Sonabhy, Sothy, Sitarail, Burkina Faso;contrat, convention, correspondance, brochure;1996-1997;;;
6;0006/CJ;"Assurances Sonabhy Avec Sonar, Sicar, Uab, Foncias 1988-1993 ; Assurances Sonar 2002";Assurance, Sonabhy, Sonar, Sicar, UAB, Foncias;correspondance, document de souscription;1988-1993, 2002;;;
7;0007/CJ;"Textes Legislatifs : Arrete Delegue Du Personnel ; Loi Sur Code De Procedure Civile ; Decret Sur Rapports Locataires Et Bailleurs ; Loi Sur Emploi Et Agents Fonction Publique ; Bar-Me Honoraire Des Avocats Et Solde ; Veille Reglementaire";Texte Legislatif, Delegue DU Personnel, Procedure Civile, Location, Immeuble, Avocat, Budget, Sonabhy, Droit Commercial;arrete, decret, loi, bareme;1952, 1994, 1998;;;
8;0008/CJ;Actes Judiciaires : Sonabhy Et Burkina Shell 1991-1999;Sonabhy, Burkina ET Shell, Acte Judiciaire;correspondance, contrat, convention, texte legislatif;1999;;;
9;0009/CJ;"Acte Judiciaire Sonabhy Et Sonacop ; Sonabhy Et Sdv";Sonabhy, Sonacop, SDV;correspondance, contrat;1992-1993, 1995;;;
10;0010/CJ;Actes Judiciaires : Sonabhy Et Tagui : Courrier;Sonabhy, Tagui, Acte Judiciaire;correspondance, facture, note;1993-1995;;;
11;0011/CJ;Actes Judiciaires : Sonabhy Et Tagui : Etat Des Creances;Sonabhy, Tagui, Creance, Acte Judiciaire;facture, etat;1992-1994, 2001;;;
12;0012/CJ;Actes Judiciaires : Tagui Et Sonabhy : Plan De Redressement;Tagui, Sonabhy, Plan De Redressement, Acte Judiciaire;plan, correspondance;1993, 1995, 2000;;;
13;0013/CJ;Actes Judiciaires : Sonabhy Et Kone Omar, Kabore J Marcellin, Barry Salifou, Passere Karim, Some Marie Madeleine, Ouedraogo Hamade, Cofama Et Fadoul, Sanou S Serge, Kone Bonaventure, Ouedraogo Desire;Sonabhy, Kone Omar, Kabore J Marcellin, Barry Salifou, Passere Karim, Some Marie Madeleine, Ouedraogo Hamade, Cofama Et Fadoul, Sanou S Serge, Kone Bonaventure, Ouedraogo Desire, Acte Judiciaire;correspondance, etat, convention;1993-1996, 1998-2000, 2004;;;
14;0014/CJ;Actes Judiciaires : Burkina Et Shell, Onbah, Faso Yaar, Garage Kaddy, Lnbtp, Bicia, Total, Mobil Oil Burkina, Elf Oil Burkina, Dg Pimc, Foncias, Cmc Impresit, Italgaz, Bp Burkina, Torno;Burkina ET Shell, ONBAH, Faso Yaar, Garage Kaddy, LNBTP, BICIA, Total, Mobil OIL Burkina, ELF OIL Burkina, PIMC, Foncias, CMC Impresit, Italgaz, BP Burkina, Torno, Acte Judiciaire;correspondance, facture, contrat, deliberation;1995-2000;;;
15;0015/CJ;Actes Judiciaires : Sonabhy Et Tagui : Assignation, Redressement Judiciaire, Deliberation, Reglement, Conclusion;Sonabhy, Tagui, Acte Judiciaire;communique, correspondance;1994-1997, 2001-2004;;;
16;0016/CJ;"Etude Juridique : Projet De Transport D'Hydrocarbure SBTH Avec Sonabhy Et Gestafrique ; Comite De Lutte Contre La Fraude";Sonabhy, Gestafrique, SBTH, Fraude;correspondance;1993, 1995;;;
17;0017/CJ;Etude Juridique : Projet De Reforme Du Secteur De L'energie Au Burkina Faso;Energie, Burkina Faso, Reforme;rapport, courrier, compte rendu, commentaire;1996, 1999, 2001-2003;;;
18;0018/CJ;"Etude Juridique : Audit Comptable Et Financier 2002-2003 ; Audit Fiscal 2003 ; Refonte Plan Comptable Sonabhy 1998";Audit, Comptabilite, Finances, Fiscalite, Plan;rapport, note, compte rendu;1998, 2002-2003;;;
19;0019/CJ;Etude Juridique : Reforme Institutionnelle Du Secteur Des Hydrocarbures Au Burkina Faso;Reforme, Hydrocarbures, Burkina Faso;rapport;2000;;;
20;0020/CJ;Etude Juridique : Caracterisation Des Depenses Fiscalement Deductibles Des Entreprises Du Secteur Des Hydrocarbures;Depense, Fiscalite, Entreprise, Hydrocarbures;rapport;2002;;;
21;0021/CJ;Etude Juridique : Caracterisation Du Schema Institutionnel Et Proposition D'une Demarche Pour L'elaboration Des Textes Legislatifs Et Reglementaires Du Secteur Des Hydrocarbures;Institution, Texte LegislatiF, Reglementation, Hydrocarbures;rapport;2003;;;
22;0022/CJ;Juridiction Et Contentieux : Convention De Vente De Gaz Butane 1995 + 2 Avenants;Vente, Gaz Butane, Sonabhy, SNP;contrat, avenant;1995;;OUI;DOCESSEN
23;0023/CJ;Juridiction Et Contentieux : Contrat De Vente De Gaz Butane 1996 + Avenant;Vente, Gaz Butane, Sonabhy, ONSL;contrat, avenant;1996;;OUI;DOCESSEN
24;0024/CJ;Juridiction Et Contentieux : Convention De Vente De Gaz Butane Du 31 Decembre 1997;Vente, Gaz Butane, Sonabhy, SODIGAZ APC;contrat;1997;;OUI;DOCESSEN
25;0025/CJ;Juridiction Et Contentieux : Convention De Vente De Gaz Butane 1998;Vente, Gaz Butane, Sonabhy, SODIGAZ APC;contrat;1998;;OUI;DOCESSEN
26;0026/CJ;Juridiction Et Contentieux : Convention De Vente De Gaz Butane 1999;Vente, Gaz Butane, Sonabhy, SODIGAZ APC;contrat;1999;;OUI;DOCESSEN
27;0027/CJ;Juridiction Et Contentieux : Convention De Vente De Gaz Butane 2000 + 2 Avenants;Vente, Gaz Butane, Sonabhy, SODIGAZ APC;contrat, avenant;2000;;OUI;DOCESSEN
28;0028/CJ;Juridiction Et Contentieux : Convention De Vente De Gaz Butane 2001 + 2 Avenants;Vente, Gaz Butane, Sonabhy, SODIGAZ APC;contrat, avenant;2001;;OUI;DOCESSEN
29;0029/CJ;Poursuite Judiciaire Contre Diallo Malik Et Sawadogo Adama En 2006;Acte Juridique, Diallo Malik, Sawadogo Adama, Enquete;proces verbal;2006;;OUI;DOCESSEN
30;0030/CJ;Juridiction Et Contentieux : Convention De Credit Revolving En Gaz De 1998 + Avenant N°2 Du 01 Avril 1998 + Convention De Prefinancement Du 13 Mars 2001 + Convention De Credit Revolving Du 06 Mars 2002 + Convention De Prefinancement Des Subventions Gaz Du 23 Janvier 2003 + Fourniture De DDO A HAGE Industries Du 20 Juin 2008 : Std Sodigaz Et Sonabhy;Credit Revolving, Prefinancement, Subvention, DDO, Fourniture, GAZ Butane, STD Sodigaz APC, Sonabhy;convention;1998, 2001, 2002, 2003, 2008;;OUI;DOCESSEN
31;0031/CJ;Juridiction Et Contentieux : Convention De Vente De Produits Petroliers DU 30 Mai 2000 + Avenant N°1 Du 27 Juin 2001 + Avenant N°2 Du 29 Aout 2001 + Avenant N°3 Du 02 Avril 2003 + Avenant N°4 Du 05 Mai 2004 + Avenant N°5 Du 18 Mai 2005 : Sonabhy Et Octogone Trading Oil;Vente, Produit Petrolier, Sonabhy, Octogone Trading Oil;contrat;2000-2005;;OUI;DOCESSEN
32;0032/CJ;Juridiction Et Contentieux : Contrat De Vente De 1 500 TM De Gasoil + Contrat De Vente De 1 500 TM D'essence DU 31 Mars 2005 + Avenant N°1 Du 13 Juin 2005 : Sonabhy Et GEB (PPAM);Vente, Gasoil, Essence, Sonabhy, GEB, PPAM;contrat, avenant;2005;;OUI;DOCESSEN
33;0033/CJ;Juridiction Et Contentieux : Contrat De Vente De 1 500 TM De Gasoil + Contrat De Vente De 1 500 TM D'essence DU 06 Janvier 2006 + Avenant N°1 Du 06 Janvier 2006 : Sonabhy Et GEB (PPAM);Vente, Gasoil, Essence, Sonabhy, GEB, PPAM;contrat, avenant;2006;;OUI;DOCESSEN
34;0034/CJ;Juridiction Et Contentieux : Contrat De Vente De 20 000 TM De Gasoil DU 13 Fevrier 2007 : Sonabhy Et Librairie Diacfa;Vente, Gasoil, Sonabhy, Librairie DIACFA;contrat;2007;;OUI;DOCESSEN
35;0035/CJ;Juridiction Et Contentieux : Contrat De Vente De 20 000 TM De Gasoil DU 12 Mars 2008 : Sonabhy Et Librairie Diacfa;Vente, Gasoil, Sonabhy, Librairie DIACFA;contrat;2008;;OUI;DOCESSEN
36;0036/CJ;Juridiction Et Contentieux : Contrat De Vente De 20 000 TM De Gasoil DU 30 Mars 2009 : Sonabhy Et Librairie Diacfa;Vente, Gasoil, Sonabhy, Librairie DIACFA;contrat;2009;;OUI;DOCESSEN
37;0037/CJ;Juridiction Et Contentieux : Contrat De Vente De 20 000 TM De Gasoil DU 13 Janvier 2010 : Sonabhy Et Librairie Diacfa;Vente, Gasoil, Sonabhy, Librairie DIACFA;contrat;2010;;OUI;DOCESSEN
38;0038/CJ;Juridiction Et Contentieux : Contrat De Vente De 20 000 TM De Gasoil DU 12 Janvier 2011 : Sonabhy Et Librairie Diacfa;Vente, Gasoil, Sonabhy, Librairie DIACFA;contrat;2011;;OUI;DOCESSEN
39;0039/CJ;Juridiction Et Contentieux : Contrat De Vente De Produits Petroliers 2009 + Contrat De Vente Du 22 Janvier 2009 + Contrat De Vente N°14/071 DU 28 Aout 2014 + Avenant N°14/0135 DU 15 Decembre 2014 : Sonabhy Et Octogone Trading Oil;Vente, Produit Petrolier, Sonabhy, Octogone Trading Oil;contrat, avenant;2009, 2014;;OUI;DOCESSEN
40;0040/CJ;Juridiction Et Contentieux : Contrat De Passage De Produits Petroliers DU 17 Avril 2009 + Avenant N°18/0433 DU 05 Juillet 2018 : Sonabhy Et Sampana SA;Passage, Cession, Transport, Accord, Stockage, Produit Petrolier, SAMPANA SA, Sonabhy;contrat;2009, 2018;;OUI;DOCESSEN
41;0041/CJ;Juridiction Et Contentieux : Contrat De Passage De Produits Petroliers 2010 + Contrat De Cession De Produits Petroliers 2010 + Contrat De Transport De Produits Petroliers 2010 + Protocole D'accord N°11/025 DU 28 Mars 2011 + Protocole D'accord N°11/026 DU 28 Mars 2011 : Sonabhy Et NOCOP (SN-CITEC);Passage, Cession, Transport, Accord, Stockage, Produit Petrolier, NOCOP, SN-CITEC, Sonabhy;contrat;2010-2011;;OUI;DOCESSEN
42;0042/CJ;Juridiction Et Contentieux : Contrat De Vente De Produits Petroliers 2011 + Avenant N°12/0223 DU 09 Aout 2012 + Contrat De Vente N°14/0372 DU 04 Novembre 2014 + Avenant N°15/0356 DU 28 Decembre 2015 : Sonabhy Et Librairie Diacfa;Vente, Produit Petrolier, Sonabhy, Librairie DIACFA;contrat, avenant;2011-2015;;OUI;DOCESSEN
43;0043/CJ;Juridiction Et Contentieux : Contrat De Vente De 20 000 TM De Gasoil DU 14 Decembre 2016 : Sonabhy Et Librairie Diacfa;Vente, Gasoil, Sonabhy, Librairie DIACFA;contrat;2016;;OUI;DOCESSEN
44;0044/CJ;Juridiction Et Contentieux : Contrat De Vente De 20 000 TM De Gasoil DU 07 Avril 2017 : Sonabhy Et Librairie Diacfa;Vente, Gasoil, Sonabhy, Librairie DIACFA;contrat;2017;;OUI;DOCESSEN
45;0045/CJ;Juridiction Et Contentieux : Contrat De Vente De 20 000 TM De Gasoil DU 22 Juin 2018 : Sonabhy Et Librairie Diacfa;Vente, Gasoil, Sonabhy, Librairie DIACFA;contrat;2018;;OUI;DOCESSEN
46;0046/CJ;Juridiction Et Contentieux : Contrat De Vente De 20 000 TM De Gasoil DU 17 Juin 2019 : Sonabhy Et Librairie Diacfa;Vente, Gasoil, Sonabhy, Librairie DIACFA;contrat;2019;;OUI;DOCESSEN
47;0047/CJ;Juridiction Et Contentieux : Contrat De Vente De 20 000 TM De Gasoil DU 08 Janvier 2020 : Sonabhy Et Librairie Diacfa;Vente, Gasoil, Sonabhy, Librairie DIACFA;contrat;2020;;OUI;DOCESSEN
48;0048/CJ;Juridiction Et Contentieux : Contrat De Vente De 20 000 TM De Gasoil DU 15 Decembre 2021 : Sonabhy Et Librairie Diacfa;Vente, Gasoil, Sonabhy, Librairie DIACFA;contrat;2021;;OUI;DOCESSEN
49;0049/CJ;Juridiction Et Contentieux : Contrat De Vente De Gasoil Et Essence 2022 + Avenant N°23/0090 DU 25 Janvier 2023 : Sonabhy Et Librairie Diacfa;Vente, Gasoil, Essence, Sonabhy, Librairie DIACFA;contrat, avenant;2022-2023;;OUI;DOCESSEN
50;0050/CJ;Juridiction Et Contentieux : Marches De Transport Du Gasoil Par Camion Citerne 2010 + 2011 + 2012 + 2013 + 2014 : Sonabhy Et AT2A, BTA, ETOH, IS, NPS, SNTF;Transport, Gasoil, Sonabhy, AT2A, BTA, ETOH, IS, NPS, SNTF;contrat;2010-2014;;OUI;DOCESSEN
51;0051/CJ;Juridiction Et Contentieux : Marches De Transport Du Gasoil Par Camion Citerne 2015 + 2016 : Sonabhy Et AT2A, BTA, ETOH, IS, NPS, SNTF;Transport, Gasoil, Sonabhy, AT2A, BTA, ETOH, IS, NPS, SNTF;contrat;2015-2016;;OUI;DOCESSEN
52;0052/CJ;Juridiction Et Contentieux : Marches De Transport Du Gasoil Par Camion Citerne 2017 + 2018 : Sonabhy Et AT2A, BTA, ETOH, IS, NPS, SNTF;Transport, Gasoil, Sonabhy, AT2A, BTA, ETOH, IS, NPS, SNTF;contrat;2017-2018;;OUI;DOCESSEN
53;0053/CJ;Juridiction Et Contentieux : Marches De Transport Du Gasoil Par Camion Citerne 2019 + 2020 : Sonabhy Et AT2A, BTA, ETOH, IS, NPS, SNTF;Transport, Gasoil, Sonabhy, AT2A, BTA, ETOH, IS, NPS, SNTF;contrat;2019-2020;;OUI;DOCESSEN
54;0054/CJ;Juridiction Et Contentieux : Convention De Pret A Court Terme : BOA Et Sonabhy 2009;Vente, Produit Petrolier, Sonabhy, OCTOGONE TRADING OIL;contrat;2009;;OUI;DOCESSEN
55;0055/CJ;Juridiction Et Contentieux : Convention De Pret A Court Terme : BIB Et Sonabhy 2010;Credit, Sonabhy, BIB;contrat;2010;;OUI;DOCESSEN
56;0056/CJ;Juridiction Et Contentieux : Convention De Prefinancement DU Projet De Construction D'un Deuxieme Depot De Gaz A Bingo 2012 : Sonabhy Et BOA;Prefinancement, Depot, Gaz, Sonabhy, BOA;contrat;2012;;OUI;DOCESSEN
57;0057/CJ;Juridiction Et Contentieux : Convention De Prefinancement DU Projet De Construction D'un Depot De Gaz A Pogo 2013 : Sonabhy Et BOA;Prefinancement, Depot, Gaz, Sonabhy, BOA;contrat;2013;;OUI;DOCESSEN
58;0058/CJ;Juridiction Et Contentieux : Convention De Prefinancement DU Projet De Realisation D'une Unité De Melange 2014 : Sonabhy Et BOA;Prefinancement, Depot, Gaz, Sonabhy, BOA;contrat;2014;;OUI;DOCESSEN
59;0059/CJ;Juridiction Et Contentieux : Convention De Credit Moyen Terme 2019 + 2020 : Sonabhy Et CBAO;Credit, Sonabhy, CBAO;contrat;2019-2020;;OUI;DOCESSEN
60;0060/CJ;Juridiction Et Contentieux : Contrat De Financement Partiel DU Projet De Construction De Depot De Gaz A Bingo 2020 : Sonabhy Et Orabank;Financement, Sonabhy, ORABANK;contrat;2020;;OUI;DOCESSEN
61;0061/CJ;Juridiction Et Contentieux : Contrat De Financement Partiel DU Projet De Construction De Depot De Gaz A Pogo 2021 : Sonabhy Et Orabank;Financement, Sonabhy, ORABANK;contrat;2021;;OUI;DOCESSEN
62;0062/CJ;Juridiction Et Contentieux : Contrat De Financement Partiel DU Projet De Construction De Depot De Gaz A Pogo 2022 : Sonabhy Et Orabank;Financement, Sonabhy, ORABANK;contrat;2022;;OUI;DOCESSEN
63;0063/CJ;Juridiction Et Contentieux : Convention D'ouverture De Credit 2018 + 2019 : Sonabhy Et BSIC;Credit, Sonabhy, BSIC;contrat;2018-2019;;OUI;DOCESSEN
64;0064/CJ;Juridiction Et Contentieux : Convention De Credit De Campagne DU 18 Mars 2008 : Sonabhy Et Ecobank;Credit, Sonabhy, ECOBANK;contrat;2008;;OUI;DOCESSEN
65;0065/CJ;Juridiction Et Contentieux : Convention De Credit De Campagne 2014 + 2015 : Sonabhy Et Ecobank;Credit, Sonabhy, ECOBANK;contrat;2014-2015;;OUI;DOCESSEN
66;0066/CJ;Juridiction Et Contentieux : Convention De Credit De Campagne 2017 + 2018 : Sonabhy Et Ecobank;Credit, Sonabhy, ECOBANK;contrat;2017-2018;;OUI;DOCESSEN
67;0067/CJ;Juridiction Et Contentieux : Convention De Credit De Campagne 2019 + 2020 : Sonabhy Et Ecobank;Credit, Sonabhy, ECOBANK;contrat;2019-2020;;OUI;DOCESSEN
68;0068/CJ;Juridiction Et Contentieux : Convention De Credit Moyen Terme 2017 + 2018 : Sonabhy Et Ecobank;Credit, Sonabhy, ECOBANK;contrat;2017-2018;;OUI;DOCESSEN
69;0069/CJ;Juridiction Et Contentieux : Convention De Credit Moyen Terme 2019 + 2020 : Sonabhy Et Ecobank;Credit, Sonabhy, ECOBANK;contrat;2019-2020;;OUI;DOCESSEN
70;0070/CJ;Juridiction Et Contentieux : Convention De Credit Moyen Terme 2021 + 2022 : Sonabhy Et Ecobank;Credit, Sonabhy, ECOBANK;contrat;2021-2022;;OUI;DOCESSEN
71;0071/CJ;Juridiction Et Contentieux : Marches De Transport De Gaz Butane Par Camion Citerne 2014 + 2015 : Sonabhy Et STIK, SOTRACOF, SOMITA;Transport, Gaz Butane, Sonabhy, STIK, SOTRACOF, SOMITA;contrat;2014-2015;;OUI;DOCESSEN
72;0072/CJ;Juridiction Et Contentieux : Marches De Transport De Gaz Butane Par Camion Citerne 2016 + 2017 + 2018 : Sonabhy Et STIK, SOTRACOF, SOMITA;Transport, Gaz Butane, Sonabhy, STIK, SOTRACOF, SOMITA;contrat;2016-2018;;OUI;DOCESSEN
73;0073/CJ;Juridiction Et Contentieux : Marches De Transport De Gaz Butane Par Camion Citerne 2019 + 2020 + 2021 : Sonabhy Et STIK, SOTRACOF, SOMITA;Transport, Gaz Butane, Sonabhy, STIK, SOTRACOF, SOMITA;contrat;2019-2021;;OUI;DOCESSEN
74;0074/CJ;Juridiction Et Contentieux : Convention De Collaboration DU 04 Fevrier 2020 : Sonabhy Et ANEREE;Collaboration, Sonabhy, ANEREE;convention;2020;;OUI;DOCESSEN
75;0075/CJ;Etude Juridique : Proces Verbal De L'assemblee Generale Constitutive De La Societe De Transport TAKANA;Transport, TAKANA, Assemblee Generale, Constitution;proces verbal;1998;;;
76;0076/CJ;Juridiction Et Contentieux : Proces Verbal D'enquete DU 04 Mai 2000 : Sonabhy Et Ministère Des Finances;Enquete, Sonabhy, Ministere Des Finances;proces verbal;2000;;OUI;DOCESSEN
77;0077/CJ;Juridiction Et Contentieux : Proces Verbal D'enquete DU 12 Juillet 2002 : Sonabhy Et Ministere Des Finances;Enquete, Sonabhy, Ministere Des Finances;proces verbal;2002;;OUI;DOCESSEN
78;0078/CJ;Juridiction Et Contentieux : Proces Verbal D'enquete DU 21 Septembre 2004 : Sonabhy Et Ministere Des Finances;Enquete, Sonabhy, Ministere Des Finances;proces verbal;2004;;OUI;DOCESSEN
79;0079/CJ;Juridiction Et Contentieux : Proces Verbal D'enquete DU 23 Mars 2006 : Sonabhy Et Ministere Des Finances;Enquete, Sonabhy, Ministere Des Finances;proces verbal;2006;;OUI;DOCESSEN
80;0080/CJ;Juridiction Et Contentieux : Proces Verbal D'enquete DU 11 Octobre 2007 : Sonabhy Et Ministere Des Finances;Enquete, Sonabhy, Ministere Des Finances;proces verbal;2007;;OUI;DOCESSEN
81;0081/CJ;Juridiction Et Contentieux : Proces Verbal D'enquete DU 04 Mars 2009 : Sonabhy Et Ministere Des Finances;Enquete, Sonabhy, Ministere Des Finances;proces verbal;2009;;OUI;DOCESSEN
82;0082/CJ;Juridiction Et Contentieux : Proces Verbal D'enquete DU 18 Mai 2011 : Sonabhy Et Ministere Des Finances;Enquete, Sonabhy, Ministere Des Finances;proces verbal;2011;;OUI;DOCESSEN
83;0083/CJ;Juridiction Et Contentieux : Proces Verbal D'enquete DU 08 Novembre 2013 : Sonabhy Et Ministere Des Finances;Enquete, Sonabhy, Ministere Des Finances;proces verbal;2013;;OUI;DOCESSEN
84;0084/CJ;Juridiction Et Contentieux : Proces Verbal D'enquete DU 21 Juin 2016 : Sonabhy Et Ministere Des Finances;Enquete, Sonabhy, Ministere Des Finances;proces verbal;2016;;OUI;DOCESSEN
85;0085/CJ;Juridiction Et Contentieux : Proces Verbal D'enquete DU 21 Mars 2018 : Sonabhy Et Ministere Des Finances;Enquete, Sonabhy, Ministere Des Finances;proces verbal;2018;;OUI;DOCESSEN
86;0086/CJ;Juridiction Et Contentieux : Proces Verbal D'enquete DU 25 Mars 2020 : Sonabhy Et Ministere Des Finances;Enquete, Sonabhy, Ministere Des Finances;proces verbal;2020;;OUI;DOCESSEN
87;0087/CJ;Juridiction Et Contentieux : Proces Verbal D'enquete DU 30 Decembre 2021 : Sonabhy Et Ministere Des Finances;Enquete, Sonabhy, Ministere Des Finances;proces verbal;2021;;OUI;DOCESSEN
88;0088/CJ;Juridiction Et Contentieux : Proces Verbal D'enquete DU 22 Mars 2023 : Sonabhy Et Ministere Des Finances;Enquete, Sonabhy, Ministere Des Finances;proces verbal;2023;;OUI;DOCESSEN
89;0089/CJ;Juridiction Et Contentieux : Assignation En Refere DU 30 Janvier 2001 : Sonabhy Et TLAB;Assignation, Sonabhy, TLAB;assignation;2001;;OUI;DOCESSEN
90;0090/CJ;Juridiction Et Contentieux : Ordonnance De Refere DU 22 Janvier 2009 : Sonabhy Et SITO;Ordonnance, Sonabhy, SITO;ordonnance;2009;;OUI;DOCESSEN
91;0091/CJ;Juridiction Et Contentieux : Assignation En Refere DU 12 Juillet 2010 : Sonabhy Et SN-SITEC;Assignation, Sonabhy, SN-SITEC;assignation;2010;;OUI;DOCESSEN
92;0092/CJ;Juridiction Et Contentieux : Assignation En Refere DU 13 Fevrier 2012 : Sonabhy Et SN-SITEC;Assignation, Sonabhy, SN-SITEC;assignation;2012;;OUI;DOCESSEN
93;0093/CJ;Juridiction Et Contentieux : Assignation En Refere DU 16 Juillet 2013 : Sonabhy Et Librairie Diacfa;Assignation, Sonabhy, Librairie DIACFA;assignation;2013;;OUI;DOCESSEN
94;0094/CJ;Juridiction Et Contentieux : Assignation En Refere DU 22 Juillet 2016 : Sonabhy Et Librairie Diacfa;Assignation, Sonabhy, Librairie DIACFA;assignation;2016;;OUI;DOCESSEN
95;0095/CJ;Juridiction Et Contentieux : Assignation En Refere DU 24 Juin 2019 : Sonabhy Et Librairie Diacfa;Assignation, Sonabhy, Librairie DIACFA;assignation;2019;;OUI;DOCESSEN
96;0096/CJ;Juridiction Et Contentieux : Assignation En Refere DU 26 Avril 2021 : Sonabhy Et Librairie Diacfa;Assignation, Sonabhy, Librairie DIACFA;assignation;2021;;OUI;DOCESSEN
97;0097/CJ;Juridiction Et Contentieux : Requete Aux Fins De Sursis A Execution DU 20 Aout 2007 : Sonabhy Et Societe General De Banques;Requete, Sonabhy, SGBB;requete;2007;;OUI;DOCESSEN
98;0098/CJ;Juridiction Et Contentieux : Requete Aux Fins De Sursis A Execution DU 18 Decembre 2017 : Sonabhy Et SODIGAZ APC;Requete, Sonabhy, SODIGAZ APC;requete;2017;;OUI;DOCESSEN
99;0099/CJ;Juridiction Et Contentieux : Requete Aux Fins De Sursis A Execution DU 23 Juillet 2018 : Sonabhy Et SODIGAZ APC;Requete, Sonabhy, SODIGAZ APC;requete;2018;;OUI;DOCESSEN
100;0100/CJ;Juridiction Et Contentieux : Requete Aux Fins De Sursis A Execution DU 04 Juillet 2019 : Sonabhy Et SODIGAZ APC;Requete, Sonabhy, SODIGAZ APC;requete;2019;;OUI;DOCESSEN
101;0101/CJ;Juridiction Et Contentieux : Requete Aux Fins De Sursis A Execution DU 27 Juillet 2020 : Sonabhy Et SODIGAZ APC;Requete, Sonabhy, SODIGAZ APC;requete;2020;;OUI;DOCESSEN
102;0102/CJ;Juridiction Et Contentieux : Requete Aux Fins De Sursis A Execution DU 13 Juillet 2021 : Sonabhy Et SODIGAZ APC;Requete, Sonabhy, SODIGAZ APC;requete;2021;;OUI;DOCESSEN
103;0103/CJ;Juridiction Et Contentieux : Requete Aux Fins De Sursis A Execution DU 28 Juin 2022 : Sonabhy Et SODIGAZ APC;Requete, Sonabhy, SODIGAZ APC;requete;2022;;OUI;DOCESSEN
104;0104/CJ;Juridiction Et Contentieux : Requete Aux Fins De Sursis A Execution DU 02 Aout 2023 : Sonabhy Et SODIGAZ APC;Requete, Sonabhy, SODIGAZ APC;requete;2023;;OUI;DOCESSEN
105;0105/CJ;Juridiction Et Contentieux : Requete Aux Fins De Sursis A Execution DU 19 Octobre 2023 : Sonabhy Et SODIGAZ APC;Requete, Sonabhy, SODIGAZ APC;requete;2023;;OUI;DOCESSEN
106;0106/CJ;Juridiction Et Contentieux : Exploit D'huissier DU 22 Novembre 2019 : Sonabhy Et Ouattara Issouf;Exploit, Sonabhy, OUATTARA Issouf;exploit;2019;;OUI;DOCESSEN
107;0107/CJ;Juridiction Et Contentieux : Transport De Produits Petroliers : Contrat N°21/0117 Du 21 Mai 2021 : Sonabhy Et Wend-Tab;Transport, Produit Petrolier, Sonabhy, Wend-TAB;contrat;2021;1 piece;;DOCESSEN
108;0108/CJ;Contrat De Transport : Sonabhy Et Groupe Zerbo DU 10 Mars 2010;Transport, Produit Petrolier, Sonabhy, Groupe Zerbo;contrat;10 mars 2010;;OUI;DOCESSEN
109;0109/CJ;Contrat De Transport : Sonabhy Et Octogone Trading Oil DU 18 Janvier 2010;Vente, Produit Petrolier, Sonabhy, Octogone Trading Oil;contrat;14 janvier 2010;;OUI;DOCESSEN
110;0110/CJ;Contrat De Transport : Sonabhy Et STAF DU 14 Fevrier 2007;Transport, Produit Petrolier, Sonabhy, STAF;contrat;2007;;OUI;DOCESSEN
111;0111/CJ;Contrat De Transport : Sonabhy Et STAF DU 09 Janvier 2008;Transport, Produit Petrolier, Sonabhy, STAF;contrat;2008;;OUI;DOCESSEN
112;0112/CJ;Contrat De Transport : Sonabhy Et STAF DU 11 Janvier 2009;Transport, Produit Petrolier, Sonabhy, STAF;contrat;2009;;OUI;DOCESSEN
113;0113/CJ;Contrat De Vente De 2000-3000 TM De Jet DU 26 Mai 2010;Vente, Jet A1, Approvisionnement, Sonabhy;contrat;2010;;OUI;DOCESSEN
114;0114/CJ;Contrat De Vente De 30 000 TM De Gasoil DU 06 Janvier 2011;Vente, Gasoil, Sonabhy;contrat;2011;;OUI;DOCESSEN
115;0115/CJ;Contrat De Vente De 30 000 TM De Gasoil DU 05 Janvier 2012;Vente, Gasoil, Sonabhy;contrat;2012;;OUI;DOCESSEN
116;0116/CJ;Contrat De Vente De 30 000 TM De Gasoil DU 15 Mars 2013;Vente, Gasoil, Sonabhy;contrat;2013;;OUI;DOCESSEN
117;0117/CJ;Contrat De Vente De 30 000 TM De Gasoil DU 11 Fevrier 2014;Vente, Gasoil, Sonabhy;contrat;2014;;OUI;DOCESSEN
118;0118/CJ;Contrat De Vente De 30 000 TM De Gasoil DU 05 Mars 2015;Vente, Gasoil, Sonabhy;contrat;2015;;OUI;DOCESSEN
119;0119/CJ;Contrat De Vente De 30 000 TM De Gasoil DU 03 Fevrier 2016;Vente, Gasoil, Sonabhy;contrat;2016;;OUI;DOCESSEN
120;0120/CJ;Contrat De Vente De 30 000 TM De Gasoil DU 04 Janvier 2017;Vente, Gasoil, Sonabhy;contrat;2017;;OUI;DOCESSEN
121;0121/CJ;Contrat De Vente De 30 000 TM De Gasoil DU 02 Janvier 2018;Vente, Gasoil, Sonabhy;contrat;2018;;OUI;DOCESSEN
122;0122/CJ;Contrat De Vente De 30 000 TM De Gasoil DU 03 Janvier 2019;Vente, Gasoil, Sonabhy;contrat;2019;;OUI;DOCESSEN
123;0123/CJ;Contrat De Vente De 30 000 TM De Gasoil DU 02 Janvier 2020;Vente, Gasoil, Sonabhy;contrat;2020;;OUI;DOCESSEN
124;0124/CJ;Contrat De Vente De 30 000 TM De Gasoil DU 04 Janvier 2021;Vente, Gasoil, Sonabhy;contrat;2021;;OUI;DOCESSEN
125;0125/CJ;Contrat De Vente De 30 000 TM De Gasoil DU 03 Janvier 2022;Vente, Gasoil, Sonabhy;contrat;2022;;OUI;DOCESSEN
126;0126/CJ;Contrat De Vente De 30 000 TM De Gasoil DU 03 Janvier 2023;Vente, Gasoil, Sonabhy;contrat;2023;;OUI;DOCESSEN
127;0127/CJ;Juridiction Et Contentieux : Contrat De Vente De 800 000 TM De Gasoil DU 08 Juillet 2022 : Sonabhy Et Addax;Vente, Gasoil, Sonabhy, Addax;contrat;2022;;OUI;DOCESSEN
128;0128/CJ;Juridiction Et Contentieux : Contrat De Vente De 150 000 TM De Gasoil DU 13 Janvier 2023 : Sonabhy Et ADDAX;Vente, Gasoil, Sonabhy, ADDAX;contrat;2023;;OUI;DOCESSEN
129;0129/CJ;Juridiction Et Contentieux : Contrat De Vente De Gaz Butane DU 11 Fevrier 2011 : Sonabhy Et SODIGAZ APC;Vente, Gaz Butane, Sonabhy, SODIGAZ APC;contrat;2011;;OUI;DOCESSEN
130;0130/CJ;Juridiction Et Contentieux : Contrat De Vente De Gaz Butane DU 17 Fevrier 2012 : Sonabhy Et SODIGAZ APC;Vente, Gaz Butane, Sonabhy, SODIGAZ APC;contrat;2012;;OUI;DOCESSEN
131;0131/CJ;Juridiction Et Contentieux : Contrat De Vente De Gaz Butane DU 19 Janvier 2013 : Sonabhy Et SODIGAZ APC;Vente, Gaz Butane, Sonabhy, SODIGAZ APC;contrat;2013;;OUI;DOCESSEN
132;0132/CJ;Juridiction Et Contentieux : Contrat De Vente De Gaz Butane DU 04 Janvier 2014 : Sonabhy Et SODIGAZ APC;Vente, Gaz Butane, Sonabhy, SODIGAZ APC;contrat;2014;;OUI;DOCESSEN
133;0133/CJ;Juridiction Et Contentieux : Contrat De Vente De Gaz Butane DU 09 Fevrier 2015 : Sonabhy Et SODIGAZ APC;Vente, Gaz Butane, Sonabhy, SODIGAZ APC;contrat;2015;;OUI;DOCESSEN
134;0134/CJ;Juridiction Et Contentieux : Contrat De Vente De Gaz Butane DU 16 Fevrier 2016 : Sonabhy Et SODIGAZ APC;Vente, Gaz Butane, Sonabhy, SODIGAZ APC;contrat;2016;;OUI;DOCESSEN
135;0135/CJ;Juridiction Et Contentieux : Contrat De Vente De Gaz Butane DU 22 Fevrier 2017 : Sonabhy Et SODIGAZ APC;Vente, Gaz Butane, Sonabhy, SODIGAZ APC;contrat;2017;;OUI;DOCESSEN
136;0136/CJ;Juridiction Et Contentieux : Contrat De Vente De Gaz Butane DU 21 Fevrier 2018 : Sonabhy Et SODIGAZ APC;Vente, Gaz Butane, Sonabhy, SODIGAZ APC;contrat;2018;;OUI;DOCESSEN
137;0137/CJ;Juridiction Et Contentieux : Contrat De Vente De Gaz Butane DU 14 Mars 2019 : Sonabhy Et SODIGAZ APC;Vente, Gaz Butane, Sonabhy, SODIGAZ APC;contrat;2019;;OUI;DOCESSEN
138;0138/CJ;Juridiction Et Contentieux : Contrat De Vente De Gaz Butane DU 05 Mars 2020 : Sonabhy Et SODIGAZ APC;Vente, Gaz Butane, Sonabhy, SODIGAZ APC;contrat;2020;;OUI;DOCESSEN
139;0139/CJ;Juridiction Et Contentieux : Contrat De Vente De Gaz Butane DU 12 Mars 2021 : Sonabhy Et SODIGAZ APC;Vente, Gaz Butane, Sonabhy, SODIGAZ APC;contrat;2021;;OUI;DOCESSEN
140;0140/CJ;Juridiction Et Contentieux : Contrat De Vente De Gaz Butane DU 19 Mars 2022 : Sonabhy Et SODIGAZ APC;Vente, Gaz Butane, Sonabhy, SODIGAZ APC;contrat;2022;;OUI;DOCESSEN
141;0141/CJ;Juridiction Et Contentieux : Contrat De Vente De Gaz Butane DU 09 Mars 2023 : Sonabhy Et SODIGAZ APC;Vente, Gaz Butane, Sonabhy, SODIGAZ APC;contrat;2023;;OUI;DOCESSEN
142;0142/CJ;Juridiction Et Contentieux : Contrat De Vente De Gaz Butane DU 17 Mars 2024 : Sonabhy Et SODIGAZ APC;Vente, Gaz Butane, Sonabhy, SODIGAZ APC;contrat;2024;;OUI;DOCESSEN
143;0143/CJ;Juridiction Et Contentieux : Contrat De Transport De Produits Petroliers DU 03 Mai 2006 : Sonabhy Et SOTRACO;Transport, Produit Petrolier, Sonabhy, SOTRACO;contrat;2006;;OUI;DOCESSEN
144;0144/CJ;Juridiction Et Contentieux : Contrat De Transport De Produits Petroliers DU 02 Mai 2007 : Sonabhy Et SOTRACO;Transport, Produit Petrolier, Sonabhy, SOTRACO;contrat;2007;;OUI;DOCESSEN
145;0145/CJ;Juridiction Et Contentieux : Contrat De Transport De Produits Petroliers DU 09 Janvier 2008 : Sonabhy Et SOTRACO;Transport, Produit Petrolier, Sonabhy, SOTRACO;contrat;2008;;OUI;DOCESSEN
146;0146/CJ;Juridiction Et Contentieux : Contrat De Transport De Produits Petroliers DU 22 Decembre 2010 : Sonabhy Et SOTRACO;Transport, Produit Petrolier, Sonabhy, SOTRACO;contrat;2010;;OUI;DOCESSEN
147;0147/CJ;Juridiction Et Contentieux : Contrat De Transport De Produits Petroliers DU 30 Novembre 2011 : Sonabhy Et SOTRACO;Transport, Produit Petrolier, Sonabhy, SOTRACO;contrat;2011;;OUI;DOCESSEN
148;0148/CJ;Juridiction Et Contentieux : Contrat De Transport De Produits Petroliers DU 20 Janvier 2012 : Sonabhy Et SOTRACO;Transport, Produit Petrolier, Sonabhy, SOTRACO;contrat;2012;;OUI;DOCESSEN
149;0149/CJ;Juridiction Et Contentieux : Contrat De Transport De Produits Petroliers DU 02 Janvier 2013 : Sonabhy Et SOTRACO;Transport, Produit Petrolier, Sonabhy, SOTRACO;contrat;2013;;OUI;DOCESSEN
150;0150/CJ;Juridiction Et Contentieux : Contrat De Transport De Produits Petroliers DU 04 Decembre 2014 : Sonabhy Et SOTRACO;Transport, Produit Petrolier, Sonabhy, SOTRACO;contrat;2014;;OUI;DOCESSEN
151;0151/CJ;Juridiction Et Contentieux : Contrat De Transport De Produits Petroliers DU 29 Decembre 2015 : Sonabhy Et SOTRACO;Transport, Produit Petrolier, Sonabhy, SOTRACO;contrat;2015;;OUI;DOCESSEN
152;0152/CJ;Juridiction Et Contentieux : Contrat De Transport De Produits Petroliers DU 20 Decembre 2016 : Sonabhy Et SOTRACO;Transport, Produit Petrolier, Sonabhy, SOTRACO;contrat;2016;;OUI;DOCESSEN
153;0153/CJ;Juridiction Et Contentieux : Contrat De Transport De Produits Petroliers DU 13 Decembre 2017 : Sonabhy Et SOTRACO;Transport, Produit Petrolier, Sonabhy, SOTRACO;contrat;2017;;OUI;DOCESSEN
154;0154/CJ;Juridiction Et Contentieux : Contrat De Transport De Produits Petroliers DU 03 Decembre 2018 : Sonabhy Et SOTRACO;Transport, Produit Petrolier, Sonabhy, SOTRACO;contrat;2018;;OUI;DOCESSEN
155;0155/CJ;Juridiction Et Contentieux : Contrat De Transport De Produits Petroliers DU 02 Decembre 2019 : Sonabhy Et SOTRACO;Transport, Produit Petrolier, Sonabhy, SOTRACO;contrat;2019;;OUI;DOCESSEN
156;0156/CJ;Juridiction Et Contentieux : Contrat De Transport De Produits Petroliers DU 24 Mars 2021 : Sonabhy Et SOTRACO;Transport, Produit Petrolier, Sonabhy, SOTRACO;contrat;2021;;OUI;DOCESSEN
157;0157/CJ;Juridiction Et Contentieux : Contrat De Transport De Produits Petroliers DU 25 Fevrier 2022 : Sonabhy Et SOTRACO;Transport, Produit Petrolier, Sonabhy, SOTRACO;contrat;2022;;OUI;DOCESSEN
158;0158/CJ;Juridiction Et Contentieux : Contrat De Transport De Produits Petroliers DU 06 Juillet 2023 : Sonabhy Et SOTRACO;Transport, Produit Petrolier, Sonabhy, SOTRACO;contrat;2023;;OUI;DOCESSEN
159;0159/CJ;Juridiction Et Contentieux : Marche De Transport DU Gasoil Et Essence Par Wagons-Citerne DU 12 Mai 2006 : Sonabhy Et Sitarail;Transport, Gasoil, Essence, Sonabhy, Sitarail;contrat;2006;;OUI;DOCESSEN
160;0160/CJ;Juridiction Et Contentieux : Marche De Transport DU Gasoil Et Essence Par Wagons-Citerne 2009 + 2010 : Sonabhy Et Sitarail;Transport, Gasoil, Essence, Sonabhy, Sitarail;contrat;2009-2010;;OUI;DOCESSEN
161;0161/CJ;Juridiction Et Contentieux : Marche De Transport DU Gasoil Et Essence Par Wagons-Citerne 2011 + 2012 : Sonabhy Et Sitarail;Transport, Gasoil, Essence, Sonabhy, Sitarail;contrat;2011-2012;;OUI;DOCESSEN
162;0162/CJ;Juridiction Et Contentieux : Marche De Transport DU Gasoil Et Essence Par Wagons-Citerne 2013 + 2014 + 2015 : Sonabhy Et Sitarail;Transport, Gasoil, Essence, Sonabhy, Sitarail;contrat;2013-2015;;OUI;DOCESSEN
163;0163/CJ;Juridiction Et Contentieux : Convention D'occupation Du Domaine Public DU 26 Mars 2008 : Sonabhy Et Mairie De Dori;Occupation, Sonabhy, Mairie De Dori;convention;2008;;OUI;DOCESSEN
164;0164/CJ;Juridiction Et Contentieux : Marches De Transport Du Gasoil Par Camion Citerne 2011 + 2012 + 2013 + 2014 + 2015 + 2016 + 2017 + 2018 + 2019 : Sonabhy Et ISSA, SBT, SN-CITEC;Transport, Gasoil, Sonabhy, ISSA, SBT, SN-CITEC;contrat;2011-2019;;OUI;DOCESSEN
165;0165/CJ;Juridiction Et Contentieux : Marches De Transport Du Gasoil Par Camion Citerne 2020 + 2021 : Sonabhy Et ISSA, SBT, SN-CITEC;Transport, Gasoil, Sonabhy, ISSA, SBT, SN-CITEC;contrat;2020-2021;;OUI;DOCESSEN
166;0166/CJ;Juridiction Et Contentieux : Convention De Financement Complementaire DU Projet De Construction DU Depot De Gaz A Pogo DU 30 Decembre 2020 : Sonabhy Et BOA;Financement, Depot, Gaz, Sonabhy, BOA;convention;2020;;OUI;DOCESSEN
167;0167/CJ;Juridiction Et Contentieux : Convention De Financement Complementaire DU Projet De Construction DU Depot De Gaz A Bingo DU 22 Septembre 2021 : Sonabhy Et BOA;Financement, Depot, Gaz, Sonabhy, BOA;convention;2021;;OUI;DOCESSEN
168;0168/CJ;Juridiction Et Contentieux : Convention De Financement Complementaire DU Projet De Construction DU Depot De Gaz A Bingo DU 30 Septembre 2022 : Sonabhy Et BOA;Financement, Depot, Gaz, Sonabhy, BOA;convention;2022;;OUI;DOCESSEN
169;0169/CJ;Juridiction Et Contentieux : Convention De Financement Complementaire DU Projet De Construction DU Depot De Gaz A Pogo DU 14 Mars 2023 : Sonabhy Et BOA;Financement, Depot, Gaz, Sonabhy, BOA;convention;2023;;OUI;DOCESSEN
170;0170/CJ;Juridiction Et Contentieux : Convention D'ouverture De Credit 2021 + 2022 + 2023 : Sonabhy Et BSIC;Credit, Sonabhy, BSIC;convention;2021-2023;;OUI;DOCESSEN
171;0171/CJ;Juridiction Et Contentieux : Convention De Prefinancement Pour L'achat De 20 000 TM De Gasoil DU 08 Juin 2022 : Sonabhy Et BICIAB;Prefinancement, Sonabhy, BICIAB;convention;2022;;OUI;DOCESSEN
172;0172/CJ;Juridiction Et Contentieux : Convention De Prefinancement Pour L'achat De 40 000 TM De Gasoil DU 07 Septembre 2022 : Sonabhy Et Orabank;Prefinancement, Sonabhy, ORABANK;convention;2022;;OUI;DOCESSEN
173;0173/CJ;Juridiction Et Contentieux : Convention De Prefinancement Pour L'achat De 60 000 TM De Gasoil DU 07 Decembre 2022 : Sonabhy Et Ecobank;Prefinancement, Sonabhy, ECOBANK;convention;2022;;OUI;DOCESSEN
174;0174/CJ;Juridiction Et Contentieux : Convention De Prefinancement Pour L'achat De 60 000 TM De Gasoil DU 05 Avril 2023 : Sonabhy Et Ecobank;Prefinancement, Sonabhy, ECOBANK;convention;2023;;OUI;DOCESSEN
175;0175/CJ;Juridiction Et Contentieux : Contrat De Transport De Produits Petroliers DU 20 Juin 2022 : Sonabhy Et BTD;Transport, Produit Petrolier, Sonabhy, BTD;contrat;2022;;OUI;DOCESSEN
176;0176/CJ;Juridiction Et Contentieux : Contrat De Transport De Produits Petroliers DU 05 Septembre 2023 : Sonabhy Et BTD;Transport, Produit Petrolier, Sonabhy, BTD;contrat;2023;;OUI;DOCESSEN
177;0177/CJ;Juridiction Et Contentieux : Marches De Transport De Gasoil Par Camion Citerne 2006 + 2007 + 2008 + 2009 + 2010 : Sonabhy Et THERA;Transport, Gasoil, Sonabhy, Thera;contrat;2006-2010;;OUI;DOCESSEN
178;0178/CJ;Juridiction Et Contentieux : Marches De Transport De Gasoil Par Camion Citerne 2011 + 2012 + 2013 + 2014 + 2015 : Sonabhy Et THERA;Transport, Gasoil, Sonabhy, Thera;contrat;2011-2015;;OUI;DOCESSEN
179;0179/CJ;Juridiction Et Contentieux : Marches De Transport De Gasoil Par Camion Citerne 2016 + 2017 + 2018 + 2019 + 2020 + 2021 : Sonabhy Et THERA;Transport, Gasoil, Sonabhy, Thera;contrat;2016-2021;;OUI;DOCESSEN
180;0180/CJ;Juridiction Et Contentieux : Marches De Transport De Gasoil Par Camion Citerne 2022 + 2023 : Sonabhy Et THERA;Transport, Gasoil, Sonabhy, Thera;contrat;2022-2023;;OUI;DOCESSEN
181;0181/CJ;Juridiction Et Contentieux : Contrat D'entretien DU 15 Fevrier 2008 : Sonabhy Et SINOHYDRO;Entretien, Sonabhy, SINOHYDRO;contrat;2008;;OUI;DOCESSEN
182;0182/CJ;Juridiction Et Contentieux : Contrat D'entretien DU 09 Janvier 2011 : Sonabhy Et BIA;Entretien, Sonabhy, BIA;contrat;2011;;OUI;DOCESSEN
183;0183/CJ;Juridiction Et Contentieux : Contrat D'entretien DU 11 Mars 2010 : Sonabhy Et Comptoir Burkinabe De L'huile;Entretien, Sonabhy, Comptoir Burkinabe De L'huile;contrat;2010;;OUI;DOCESSEN
184;0184/CJ;Juridiction Et Contentieux : Contrat D'entretien DU 29 Decembre 2014 : Sonabhy Et PETROSEMC;Entretien, Sonabhy, PETROSEMC;contrat;2014;;OUI;DOCESSEN
185;0185/CJ;Juridiction Et Contentieux : Contrat D'entretien DU 08 Decembre 2015 : Sonabhy Et PETROSEMC;Entretien, Sonabhy, PETROSEMC;contrat;2015;;OUI;DOCESSEN
186;0186/CJ;Juridiction Et Contentieux : Contrat D'entretien DU 24 Octobre 2016 : Sonabhy Et PETROSEMC;Entretien, Sonabhy, PETROSEMC;contrat;2016;;OUI;DOCESSEN
187;0187/CJ;Juridiction Et Contentieux : Contrat D'entretien DU 20 Octobre 2017 : Sonabhy Et PETROSEMC;Entretien, Sonabhy, PETROSEMC;contrat;2017;;OUI;DOCESSEN
188;0188/CJ;Juridiction Et Contentieux : Contrat D'entretien DU 19 Octobre 2018 : Sonabhy Et PETROSEMC;Entretien, Sonabhy, PETROSEMC;contrat;2018;;OUI;DOCESSEN
189;0189/CJ;Juridiction Et Contentieux : Contrat D'entretien DU 29 Novembre 2019 : Sonabhy Et PETROSEMC;Entretien, Sonabhy, PETROSEMC;contrat;2019;;OUI;DOCESSEN
190;0190/CJ;Juridiction Et Contentieux : Contrat D'entretien DU 25 Novembre 2021 : Sonabhy Et PETROSEMC;Entretien, Sonabhy, PETROSEMC;contrat;2021;;OUI;DOCESSEN
191;0191/CJ;Juridiction Et Contentieux : Contrat D'entretien DU 25 Novembre 2022 : Sonabhy Et PETROSEMC;Entretien, Sonabhy, PETROSEMC;contrat;2022;;OUI;DOCESSEN
192;0192/CJ;Juridiction Et Contentieux : Contrat D'entretien DU 03 Octobre 2023 : Sonabhy Et PETROSEMC;Entretien, Sonabhy, PETROSEMC;contrat;2023;;OUI;DOCESSEN
193;0193/CJ;Juridiction Et Contentieux : Contrat D'entretien DU 12 Novembre 2024 : Sonabhy Et PETROSEMC;Entretien, Sonabhy, PETROSEMC;contrat;2024;;OUI;DOCESSEN
194;0194/CJ;Juridiction Et Contentieux : Contrat D'entretien DU 27 Octobre 2025 : Sonabhy Et PETROSEMC;Entretien, Sonabhy, PETROSEMC;contrat;2025;;OUI;DOCESSEN
195;0195/CJ;Juridiction Et Contentieux : Transport De Produits Petroliers : Contrat N°21/0127 DU 16 Juin 2021 + Avenant N°21/0296 DU 24 Septembre 2021 + Avenant N°23/0180 DU 23 Mars 2023 : Sonabhy Et M. Faso Pieces Auto;Transport, Sonabhy, Produit Petrolier, M. Faso Pieces Auto;contrat, avenant;2021, 2023;03 pieces;;DOCESSEN
196;0196/CJ;Juridiction Et Contentieux : Transport De Produits Petroliers : Contrat N°21/0151 DU 13 Aout 2021 + Avenant N°22/0394 DU 23 Septembre 2022 + Avenant N°24/0131 DU 18 Mars 2024 : Sonabhy Et Wend-Songde;Transport, Produit Petrolier, Sonabhy, Wend-Songde;contrat, avenant;2021-2024;03 PIECES;;DOCESSEN
197;0197/CJ;Juridiction Et Contentieux : Transport De Produits Petroliers : Contrat N°22/0057 DU 22 Fevrier 2022 + Avenant N°23/0212 DU 06 Avril 2023 + Avenant N°24/0231 DU 11 Juillet 2024 : Sonabhy Et Wend-Songde;Transport, Produit Petrolier, Sonabhy, Wend-Songde;contrat, avenant;2022-2024;;OUI;DOCESSEN
198;0198/CJ;Juridiction Et Contentieux : Contrat De Transport De Produits Petroliers DU 20 Juillet 2018 : Sonabhy Et GEP;Transport, Produit Petrolier, Sonabhy, GEP;contrat;2018;;OUI;DOCESSEN
199;0199/CJ;Juridiction Et Contentieux : Contrat D'abonnement DU 27 Fevrier 2007 : Sonabhy Et ONI;Abonnement, Sonabhy, ONI;contrat;2007;;OUI;DOCESSEN
200;0200/CJ;Juridiction Et Contentieux : Contrat D'abonnement DU 01 Octobre 2012 : Sonabhy Et ONI;Abonnement, Sonabhy, ONI;contrat;2012;;OUI;DOCESSEN
201;0201/CJ;Juridiction Et Contentieux : Contrat D'abonnement DU 15 Janvier 2015 : Sonabhy Et ONI;Abonnement, Sonabhy, ONI;contrat;2015;;OUI;DOCESSEN
202;0202/CJ;Juridiction Et Contentieux : Contrat D'abonnement DU 09 Fevrier 2018 : Sonabhy Et ONI;Abonnement, Sonabhy, ONI;contrat;2018;;OUI;DOCESSEN
203;0203/CJ;Juridiction Et Contentieux : Contrat D'abonnement DU 18 Fevrier 2021 : Sonabhy Et ONI;Abonnement, Sonabhy, ONI;contrat;2021;;OUI;DOCESSEN
204;0204/CJ;Juridiction Et Contentieux : Contrat De Transfert De TechnOLOGIE DU 04 Decembre 2013 : Sonabhy Et GE Oil & Gas;Transfert, Sonabhy, GE Oil & Gas;contrat;2013;;OUI;DOCESSEN
205;0205/CJ;Juridiction Et Contentieux : Contrat De Transfert De TechnOLOGIE DU 14 Novembre 2014 : Sonabhy Et GE Oil & Gas;Transfert, Sonabhy, GE Oil & Gas;contrat;2014;;OUI;DOCESSEN
206;0206/CJ;Juridiction Et Contentieux : Contrat De Transfert De TechnOLOGIE DU 08 Decembre 2015 : Sonabhy Et GE Oil & Gas;Transfert, Sonabhy, GE Oil & Gas;contrat;2015;;OUI;DOCESSEN
207;0207/CJ;Juridiction Et Contentieux : Contrat De Transfert De TechnOLOGIE DU 06 Decembre 2016 : Sonabhy Et BHGE;Transfert, Sonabhy, BHGE;contrat;2016;;OUI;DOCESSEN
208;0208/CJ;Juridiction Et Contentieux : Contrat De Transfert De TechnOLOGIE DU 06 Decembre 2017 : Sonabhy Et BHGE;Transfert, Sonabhy, BHGE;contrat;2017;;OUI;DOCESSEN
209;0209/CJ;Juridiction Et Contentieux : Contrat De Transfert De TechnOLOGIE DU 11 Decembre 2018 : Sonabhy Et BHGE;Transfert, Sonabhy, BHGE;contrat;2018;;OUI;DOCESSEN
210;0210/CJ;Juridiction Et Contentieux : Contrat De Transfert De TechnOLOGIE DU 06 Decembre 2019 : Sonabhy Et BHGE;Transfert, Sonabhy, BHGE;contrat;2019;;OUI;DOCESSEN
211;0211/CJ;Juridiction Et Contentieux : Contrat De Transfert De TechnOLOGIE DU 10 Decembre 2020 : Sonabhy Et BHGE;Transfert, Sonabhy, BHGE;contrat;2020;;OUI;DOCESSEN
212;0212/CJ;Juridiction Et Contentieux : Contrat De Transfert De TechnOLOGIE DU 16 Decembre 2021 : Sonabhy Et BHGE;Transfert, Sonabhy, BHGE;contrat;2021;;OUI;DOCESSEN
213;0213/CJ;Juridiction Et Contentieux : Contrat De Transfert De TechnOLOGIE DU 12 Decembre 2022 : Sonabhy Et BHGE;Transfert, Sonabhy, BHGE;contrat;2022;;OUI;DOCESSEN
214;0214/CJ;Juridiction Et Contentieux : Contrat De Transfert De TechnOLOGIE DU 14 Decembre 2023 : Sonabhy Et BHGE;Transfert, Sonabhy, BHGE;contrat;2023;;OUI;DOCESSEN
215;0215/CJ;Juridiction Et Contentieux : Contrat De Recouvrement DU 29 Juin 2012 : Sonabhy Et SOFIGIB;Recouvrement, Sonabhy, SOFIGIB;contrat;2012;;OUI;DOCESSEN
216;0216/CJ;Juridiction Et Contentieux : Contrat De Recouvrement DU 27 Juillet 2012 : Sonabhy Et AGF;Recouvrement, Sonabhy, AGF;contrat;2012;;OUI;DOCESSEN
217;0217/CJ;Juridiction Et Contentieux : Contrat De Recouvrement DU 30 Novembre 2012 : Sonabhy Et AGF;Recouvrement, Sonabhy, AGF;contrat;2012;;OUI;DOCESSEN
218;0218/CJ;Juridiction Et Contentieux : Contrat D'assistance Conseil DU 31 Octobre 2008 : Sonabhy Et ACM;Assistance, Sonabhy, ACM;contrat;2008;;OUI;DOCESSEN
219;0219/CJ;Juridiction Et Contentieux : Contrat D'assistance Conseil DU 27 Octobre 2010 : Sonabhy Et ACM;Assistance, Sonabhy, ACM;contrat;2010;;OUI;DOCESSEN
220;0220/CJ;Juridiction Et Contentieux : Contrat D'assistance Conseil DU 30 Decembre 2011 : Sonabhy Et ACM;Assistance, Sonabhy, ACM;contrat;2011;;OUI;DOCESSEN
221;0221/CJ;Juridiction Et Contentieux : Contrat D'assistance Conseil DU 11 Decembre 2012 : Sonabhy Et ACM;Assistance, Sonabhy, ACM;contrat;2012;;OUI;DOCESSEN
222;0222/CJ;Juridiction Et Contentieux : Contrat D'assistance Conseil DU 07 Decembre 2013 : Sonabhy Et ACM;Assistance, Sonabhy, ACM;contrat;2013;;OUI;DOCESSEN
223;0223/CJ;Juridiction Et Contentieux : Contrat D'assistance Conseil DU 13 Decembre 2014 : Sonabhy Et ACM;Assistance, Sonabhy, ACM;contrat;2014;;OUI;DOCESSEN
224;0224/CJ;Juridiction Et Contentieux : Contrat D'assistance Conseil DU 02 Decembre 2015 : Sonabhy Et ACM;Assistance, Sonabhy, ACM;contrat;2015;;OUI;DOCESSEN
225;0225/CJ;Juridiction Et Contentieux : Contrat D'assistance Conseil DU 17 Decembre 2016 : Sonabhy Et ACM;Assistance, Sonabhy, ACM;contrat;2016;;OUI;DOCESSEN
226;0226/CJ;Juridiction Et Contentieux : Contrat D'assistance Conseil DU 25 Novembre 2017 : Sonabhy Et ACM;Assistance, Sonabhy, ACM;contrat;2017;;OUI;DOCESSEN
227;0227/CJ;Juridiction Et Contentieux : Contrat D'assistance Conseil DU 04 Decembre 2018 : Sonabhy Et ACM;Assistance, Sonabhy, ACM;contrat;2018;;OUI;DOCESSEN
228;0228/CJ;Juridiction Et Contentieux : Contrat D'assistance Conseil DU 29 Novembre 2019 : Sonabhy Et ACM;Assistance, Sonabhy, ACM;contrat;2019;;OUI;DOCESSEN
229;0229/CJ;Juridiction Et Contentieux : Contrat D'assistance Conseil DU 09 Decembre 2020 : Sonabhy Et ACM;Assistance, Sonabhy, ACM;contrat;2020;;OUI;DOCESSEN
230;0230/CJ;Juridiction Et Contentieux : Contrat D'assistance Conseil DU 07 Decembre 2021 : Sonabhy Et ACM;Assistance, Sonabhy, ACM;contrat;2021;;OUI;DOCESSEN
231;0231/CJ;Juridiction Et Contentieux : Contrat D'assistance Conseil DU 28 Novembre 2022 : Sonabhy Et ACM;Assistance, Sonabhy, ACM;contrat;2022;;OUI;DOCESSEN
232;0232/CJ;Juridiction Et Contentieux : Contrat D'assistance Conseil DU 08 Novembre 2023 : Sonabhy Et ACM;Assistance, Sonabhy, ACM;contrat;2023;;OUI;DOCESSEN
233;0233/CJ;Juridiction Et Contentieux : Contrat De Formation DU 27 Janvier 2012 : Sonabhy Et RCB;Formation, Sonabhy, RCB;contrat;2012;;OUI;DOCESSEN
234;0234/CJ;Juridiction Et Contentieux : Contrat De Formation DU 08 Mars 2013 : Sonabhy Et RCB;Formation, Sonabhy, RCB;contrat;2013;;OUI;DOCESSEN
235;0235/CJ;Juridiction Et Contentieux : Contrat De Formation DU 08 Janvier 2014 : Sonabhy Et RCB;Formation, Sonabhy, RCB;contrat;2014;;OUI;DOCESSEN
236;0236/CJ;Juridiction Et Contentieux : Contrat De Formation DU 24 Decembre 2015 : Sonabhy Et RCB;Formation, Sonabhy, RCB;contrat;2015;;OUI;DOCESSEN
237;0237/CJ;Juridiction Et Contentieux : Contrat De Formation DU 23 Decembre 2016 : Sonabhy Et RCB;Formation, Sonabhy, RCB;contrat;2016;;OUI;DOCESSEN
238;0238/CJ;Juridiction Et Contentieux : Contrat De Formation DU 20 Decembre 2017 : Sonabhy Et RCB;Formation, Sonabhy, RCB;contrat;2017;;OUI;DOCESSEN
239;0239/CJ;Juridiction Et Contentieux : Contrat De Formation DU 13 Decembre 2018 : Sonabhy Et RCB;Formation, Sonabhy, RCB;contrat;2018;;OUI;DOCESSEN
240;0240/CJ;Juridiction Et Contentieux : Contrat De Formation DU 18 Decembre 2019 : Sonabhy Et RCB;Formation, Sonabhy, RCB;contrat;2019;;OUI;DOCESSEN
241;0241/CJ;Juridiction Et Contentieux : Contrat De Formation DU 10 Decembre 2020 : Sonabhy Et RCB;Formation, Sonabhy, RCB;contrat;2020;;OUI;DOCESSEN
242;0242/CJ;Juridiction Et Contentieux : Contrat De Formation DU 09 Decembre 2021 : Sonabhy Et RCB;Formation, Sonabhy, RCB;contrat;2021;;OUI;DOCESSEN
243;0243/CJ;Juridiction Et Contentieux : Contrat De Formation DU 06 Decembre 2022 : Sonabhy Et RCB;Formation, Sonabhy, RCB;contrat;2022;;OUI;DOCESSEN
244;0244/CJ;Juridiction Et Contentieux : Contrat De Formation DU 05 Decembre 2023 : Sonabhy Et RCB;Formation, Sonabhy, RCB;contrat;2023;;OUI;DOCESSEN
245;0245/CJ;Juridiction Et Contentieux : Protocole D'accord DU 02 Janvier 2008 : Sonabhy Et SNTF;Accord, Sonabhy, SNTF;accord;2008;;OUI;DOCESSEN
246;0246/CJ;Juridiction Et Contentieux : Protocole D'accord DU 02 Juillet 2009 : Sonabhy Et SNTF;Accord, Sonabhy, SNTF;accord;2009;;OUI;DOCESSEN
247;0247/CJ;Juridiction Et Contentieux : Protocole D'accord DU 18 Novembre 2010 : Sonabhy Et SNTF;Accord, Sonabhy, SNTF;accord;2010;;OUI;DOCESSEN
248;0248/CJ;Juridiction Et Contentieux : Protocole D'accord DU 07 Juillet 2011 : Sonabhy Et SNTF;Accord, Sonabhy, SNTF;accord;2011;;OUI;DOCESSEN
249;0249/CJ;Juridiction Et Contentieux : Protocole D'accord DU 23 Octobre 2012 : Sonabhy Et SNTF;Accord, Sonabhy, SNTF;accord;2012;;OUI;DOCESSEN
250;0250/CJ;Juridiction Et Contentieux : Protocole D'accord DU 03 Decembre 2013 : Sonabhy Et SNTF;Accord, Sonabhy, SNTF;accord;2013;;OUI;DOCESSEN
251;0251/CJ;Juridiction Et Contentieux : Protocole D'accord DU 20 Janvier 2015 : Sonabhy Et SNTF;Accord, Sonabhy, SNTF;accord;2015;;OUI;DOCESSEN
252;0252/CJ;Juridiction Et Contentieux : Protocole D'accord DU 07 Octobre 2016 : Sonabhy Et SNTF;Accord, Sonabhy, SNTF;accord;2016;;OUI;DOCESSEN
253;0253/CJ;Juridiction Et Contentieux : Protocole D'accord DU 03 Octobre 2017 : Sonabhy Et SNTF;Accord, Sonabhy, SNTF;accord;2017;;OUI;DOCESSEN
254;0254/CJ;Juridiction Et Contentieux : Protocole D'accord DU 03 Octobre 2018 : Sonabhy Et SNTF;Accord, Sonabhy, SNTF;accord;2018;;OUI;DOCESSEN
255;0255/CJ;Juridiction Et Contentieux : Protocole D'accord DU 25 Septembre 2019 : Sonabhy Et SNTF;Accord, Sonabhy, SNTF;accord;2019;;OUI;DOCESSEN
256;0256/CJ;Juridiction Et Contentieux : Protocole D'accord DU 18 Septembre 2020 : Sonabhy Et SNTF;Accord, Sonabhy, SNTF;accord;2020;;OUI;DOCESSEN
257;0257/CJ;Juridiction Et Contentieux : Protocole D'accord DU 14 Septembre 2021 : Sonabhy Et SNTF;Accord, Sonabhy, SNTF;accord;2021;;OUI;DOCESSEN
258;0258/CJ;Juridiction Et Contentieux : Protocole D'accord DU 14 Septembre 2022 : Sonabhy Et SNTF;Accord, Sonabhy, SNTF;accord;2022;;OUI;DOCESSEN
259;0259/CJ;Juridiction Et Contentieux : Protocole D'accord DU 11 Octobre 2023 : Sonabhy Et SNTF;Accord, Sonabhy, SNTF;accord;2023;;OUI;DOCESSEN
260;0260/CJ;Juridiction Et Contentieux : Protocole D'accord DU 15 Decembre 2011 : Sonabhy Et DGMP;Accord, Sonabhy, DGMP;accord;2011;;OUI;DOCESSEN
261;0261/CJ;Juridiction Et Contentieux : Protocole D'accord DU 19 Decembre 2013 : Sonabhy Et DGMP;Accord, Sonabhy, DGMP;accord;2013;;OUI;DOCESSEN
262;0262/CJ;Juridiction Et Contentieux : Protocole D'accord DU 14 Decembre 2015 : Sonabhy Et DGMP;Accord, Sonabhy, DGMP;accord;2015;;OUI;DOCESSEN
263;0263/CJ;Juridiction Et Contentieux : Protocole D'accord DU 16 Decembre 2016 : Sonabhy Et DGMP;Accord, Sonabhy, DGMP;accord;2016;;OUI;DOCESSEN
264;0264/CJ;Juridiction Et Contentieux : Protocole D'accord DU 25 Decembre 2018 : Sonabhy Et DGMP;Accord, Sonabhy, DGMP;accord;2018;;OUI;DOCESSEN
265;0265/CJ;Juridiction Et Contentieux : Protocole D'accord DU 10 Decembre 2019 : Sonabhy Et DGMP;Accord, Sonabhy, DGMP;accord;2019;;OUI;DOCESSEN
266;0266/CJ;Juridiction Et Contentieux : Protocole D'accord DU 07 Decembre 2020 : Sonabhy Et DGMP;Accord, Sonabhy, DGMP;accord;2020;;OUI;DOCESSEN
267;0267/CJ;Juridiction Et Contentieux : Protocole D'accord DU 14 Decembre 2021 : Sonabhy Et DGMP;Accord, Sonabhy, DGMP;accord;2021;;OUI;DOCESSEN
268;0268/CJ;Juridiction Et Contentieux : Protocole D'accord DU 12 Decembre 2022 : Sonabhy Et DGMP;Accord, Sonabhy, DGMP;accord;2022;;OUI;DOCESSEN
269;0269/CJ;Juridiction Et Contentieux : Protocole D'accord DU 16 Decembre 2023 : Sonabhy Et DGMP;Accord, Sonabhy, DGMP;accord;2023;;OUI;DOCESSEN
270;0270/CJ;Juridiction Et Contentieux : Avenant N°2012-0014 DU 08 Octobre 2012 A La Convention De Recouvrement DU 06 Juillet 2009 : Sonabhy Et SIAR;Recouvrement, Sonabhy, SIAR;avenant;2012;;OUI;DOCESSEN
271;0271/CJ;Juridiction Et Contentieux : Avenant N°2012-0013 DU 04 Juillet 2012 A La Convention De Formation DU 29 Juillet 2011 : Sonabhy Et ECOBANK;Formation, Sonabhy, ECOBANK;avenant;2012;;OUI;DOCESSEN
272;0272/CJ;Juridiction Et Contentieux : Avenant N°2014-0036 DU 10 Novembre 2014 A La Convention D'assistance Conseil DU 16 Juin 2014 : Sonabhy Et ACM;Assistance, Sonabhy, ACM;avenant;2014;;OUI;DOCESSEN
273;0273/CJ;Juridiction Et Contentieux : Avenant N°2016-0049 DU 15 Fevrier 2016 A La Convention D'assistance Conseil DU 02 Janvier 2016 : Sonabhy Et ACM;Assistance, Sonabhy, ACM;avenant;2016;;OUI;DOCESSEN
274;0274/CJ;Juridiction Et Contentieux : Avenant N°2016-0019 DU 02 Mars 2016 A La Convention De Prefinancement DU 07 Janvier 2015 : Sonabhy Et BICIA-B;Prefinancement, Sonabhy, BICIA-B;avenant;2016;;OUI;DOCESSEN
275;0275/CJ;Juridiction Et Contentieux : Avenant N°2017-0019 DU 16 Mars 2017 A La Convention De Prefinancement DU 12 Fevrier 2016 : Sonabhy Et BSIC;Prefinancement, Sonabhy, BSIC;avenant;2017;;OUI;DOCESSEN
276;0276/CJ;Juridiction Et Contentieux : Avenant N°2018-0061 DU 13 Juillet 2018 A La Convention D'assistance Conseil DU 25 Juillet 2018 : Sonabhy Et ACM;Assistance, Sonabhy, ACM;avenant;2018;;OUI;DOCESSEN
277;0277/CJ;Juridiction Et Contentieux : Avenant N°2019-0048 DU 19 Juin 2019 A La Convention De Prefinancement DU 03 Fevrier 2017 : Sonabhy Et UBA;Prefinancement, Sonabhy, UBA;avenant;2019;;OUI;DOCESSEN
278;0278/CJ;Juridiction Et Contentieux : Avenant N°2019-0049 DU 08 Juillet 2019 A La Convention De Prefinancement DU 13 Juin 2018 : Sonabhy Et BCB;Prefinancement, Sonabhy, BCB;avenant;2019;;OUI;DOCESSEN
279;0279/CJ;Juridiction Et Contentieux : Avenant N°2020-0016 DU 05 Mars 2020 A La Convention De Prefinancement DU 28 Fevrier 2019 : Sonabhy Et BCB;Prefinancement, Sonabhy, BCB;avenant;2020;;OUI;DOCESSEN
280;0280/CJ;Juridiction Et Contentieux : Avenant N°2020-0026 DU 21 Juillet 2020 A La Convention De Prefinancement DU 29 Mai 2019 : Sonabhy Et BSIC;Prefinancement, Sonabhy, BSIC;avenant;2020;;OUI;DOCESSEN
281;0281/CJ;Juridiction Et Contentieux : Avenant N°2021-0051 DU 19 Octobre 2021 A La Convention De Financement DU 15 Octobre 2020 : Sonabhy Et BCB;Financement, Sonabhy, BCB;avenant;2021;;OUI;DOCESSEN
282;0282/CJ;Juridiction Et Contentieux : Avenant N°2021-0029 DU 06 Aout 2021 A La Convention De Prefinancement DU 17 Juillet 2020 : Sonabhy Et UBA;Prefinancement, Sonabhy, UBA;avenant;2021;;OUI;DOCESSEN
283;0283/CJ;Juridiction Et Contentieux : Avenant N°2022-0014 DU 17 Mars 2022 A La Convention De Prefinancement DU 15 Mars 2021 : Sonabhy Et UBA;Prefinancement, Sonabhy, UBA;avenant;2022;;OUI;DOCESSEN
284;0284/CJ;Juridiction Et Contentieux : Avenant N°2023-0013 DU 14 Avril 2023 A La Convention De Prefinancement DU 23 Mars 2022 : Sonabhy Et UBA;Prefinancement, Sonabhy, UBA;avenant;2023;;OUI;DOCESSEN
285;0285/CJ;Juridiction Et Contentieux : Avenant N°2022-0032 DU 01 Juillet 2022 A La Convention De Prefinancement DU 10 Juin 2021 : Sonabhy Et BCB;Prefinancement, Sonabhy, BCB;avenant;2022;;OUI;DOCESSEN
286;0286/CJ;Juridiction Et Contentieux : Avenant N°2023-0021 DU 28 Avril 2023 A La Convention De Prefinancement DU 09 Mai 2022 : Sonabhy Et BCB;Prefinancement, Sonabhy, BCB;avenant;2023;;OUI;DOCESSEN
287;0287/CJ;Juridiction Et Contentieux : Avenant N°2023-0022 DU 28 Avril 2023 A La Convention De Prefinancement DU 22 Mars 2022 : Sonabhy Et BCB;Prefinancement, Sonabhy, BCB;avenant;2023;;OUI;DOCESSEN
288;0288/CJ;Juridiction Et Contentieux : Avenant N°2023-0038 DU 10 Aout 2023 A La Convention De Prefinancement DU 08 Aout 2022 : Sonabhy Et Orabank;Prefinancement, Sonabhy, ORABANK;avenant;2023;;OUI;DOCESSEN
289;0289/CJ;Juridiction Et Contentieux : Avenant N°2023-0027 DU 24 Mai 2023 A La Convention De Financement DU 25 Mai 2022 : Sonabhy Et BCB;Financement, Sonabhy, BCB;avenant;2023;;OUI;DOCESSEN
290;0290/CJ;Juridiction Et Contentieux : Avenant N°2024-???? DU 21 Fevrier 2024 A La Convention De Financement DU 19 Fevrier 2023 : Sonabhy Et BCB;Financement, Sonabhy, BCB;avenant;2024;;OUI;DOCESSEN
291;0291/CJ;Juridiction Et Contentieux : Contrat D'entretien DU 03 Fevrier 2020 : Sonabhy Et ASC;Entretien, Sonabhy, ASC;contrat;2020;;OUI;DOCESSEN
292;0292/CJ;Juridiction Et Contentieux : Contrat D'entretien DU 09 Fevrier 2021 : Sonabhy Et IKA;Entretien, Sonabhy, IKA;contrat;2021;;OUI;DOCESSEN
293;0293/CJ;Juridiction Et Contentieux : Contrat D'entretien DU 05 Octobre 2022 : Sonabhy Et Planor Afrique;Entretien, Sonabhy, Planor Afrique;contrat;2022;;OUI;DOCESSEN
294;0294/CJ;Juridiction Et Contentieux : Contrat D'entretien DU 09 Aout 2023 : Sonabhy Et Planor Afrique;Entretien, Sonabhy, Planor Afrique;contrat;2023;;OUI;DOCESSEN
295;0295/CJ;Juridiction Et Contentieux : Contrat D'entretien DU 12 Fevrier 2024 : Sonabhy Et Planor Afrique;Entretien, Sonabhy, Planor Afrique;contrat;2024;;OUI;DOCESSEN
296;0296/CJ;Juridiction Et Contentieux : Marches D'achat De Lubrifiants Et Pmc 2011 + 2012 + 2013 : Sonabhy Et Shell, Total, Librairie Diacfa;Achat, Lubrifiant, Sonabhy, Shell, Total, Librairie DIACFA;contrat;2011-2013;;OUI;DOCESSEN
297;0297/CJ;Juridiction Et Contentieux : Marches D'achat De Lubrifiants Et Pmc 2014 + 2015 + 2016 : Sonabhy Et Shell, Total, Librairie Diacfa;Achat, Lubrifiant, Sonabhy, Shell, Total, Librairie DIACFA;contrat;2014-2016;;OUI;DOCESSEN
298;0298/CJ;Juridiction Et Contentieux : Marches D'achat De Lubrifiants Et Pmc 2017 + 2018 + 2019 : Sonabhy Et Shell, Total, Librairie Diacfa;Achat, Lubrifiant, Sonabhy, Shell, Total, Librairie DIACFA;contrat;2017-2019;;OUI;DOCESSEN
299;0299/CJ;Juridiction Et Contentieux : Marches D'achat De Lubrifiants Et Pmc 2020 + 2021 : Sonabhy Et Shell, Total, Librairie Diacfa;Achat, Lubrifiant, Sonabhy, Shell, Total, Librairie DIACFA;contrat;2020-2021;;OUI;DOCESSEN
300;0300/CJ;Juridiction Et Contentieux : Marches D'achat De Lubrifiants Et Pmc 2022 + 2023 : Sonabhy Et Shell, Total, Librairie Diacfa;Achat, Lubrifiant, Sonabhy, Shell, Total, Librairie DIACFA;contrat;2022-2023;;OUI;DOCESSEN
301;0301/CJ;Juridiction Et Contentieux : Protocole D'accord DU 18 Mars 2011 : Sonabhy Et Fasonorm;Accord, Sonabhy, FASONORM;accord;2011;;OUI;DOCESSEN
302;0302/CJ;Juridiction Et Contentieux : Protocole D'accord DU 09 Avril 2012 : Sonabhy Et CBC;Accord, Sonabhy, CBC;accord;2012;;OUI;DOCESSEN
303;0303/CJ;Juridiction Et Contentieux : Protocole D'accord DU 26 Decembre 2012 : Sonabhy Et ATC;Accord, Sonabhy, ATC;accord;2012;;OUI;DOCESSEN
304;0304/CJ;Juridiction Et Contentieux : Convention D'apurement DU 02 Aout 2013 : Sonabhy Et Fasonorm;Apurement, Sonabhy, FASONORM;convention;2013;;OUI;DOCESSEN
305;0305/CJ;Juridiction Et Contentieux : Convention D'apurement DU 16 Janvier 2014 : Sonabhy Et CBC;Apurement, Sonabhy, CBC;convention;2014;;OUI;DOCESSEN
306;0306/CJ;Juridiction Et Contentieux : Convention D'apurement DU 12 Fevrier 2015 : Sonabhy Et ATC;Apurement, Sonabhy, ATC;convention;2015;;OUI;DOCESSEN
307;0307/CJ;Juridiction Et Contentieux : Convention D'apurement DU 29 Janvier 2016 : Sonabhy Et Fasonorm;Apurement, Sonabhy, FASONORM;convention;2016;;OUI;DOCESSEN
308;0308/CJ;Juridiction Et Contentieux : Convention D'apurement DU 08 Fevrier 2017 : Sonabhy Et CBC;Apurement, Sonabhy, CBC;convention;2017;;OUI;DOCESSEN
309;0309/CJ;Juridiction Et Contentieux : Convention D'apurement DU 29 Janvier 2018 : Sonabhy Et ATC;Apurement, Sonabhy, ATC;convention;2018;;OUI;DOCESSEN
310;0310/CJ;Juridiction Et Contentieux : Convention D'apurement DU 07 Fevrier 2019 : Sonabhy Et Fasonorm;Apurement, Sonabhy, FASONORM;convention;2019;;OUI;DOCESSEN
311;0311/CJ;Juridiction Et Contentieux : Convention D'apurement DU 06 Fevrier 2020 : Sonabhy Et CBC;Apurement, Sonabhy, CBC;convention;2020;;OUI;DOCESSEN
312;0312/CJ;Juridiction Et Contentieux : Convention D'apurement DU 17 Fevrier 2021 : Sonabhy Et ATC;Apurement, Sonabhy, ATC;convention;2021;;OUI;DOCESSEN
313;0313/CJ;Juridiction Et Contentieux : Convention D'apurement DU 17 Fevrier 2022 : Sonabhy Et Fasonorm;Apurement, Sonabhy, FASONORM;convention;2022;;OUI;DOCESSEN
314;0314/CJ;Juridiction Et Contentieux : Convention D'apurement DU 20 Fevrier 2023 : Sonabhy Et CBC;Apurement, Sonabhy, CBC;convention;2023;;OUI;DOCESSEN
315;0315/CJ;Juridiction Et Contentieux : Contrat D'assistance Conseil DU 29 Mars 2013 : Sonabhy Et IKA;Assistance, Sonabhy, IKA;contrat;2013;;OUI;DOCESSEN
316;0316/CJ;Juridiction Et Contentieux : Contrat D'assistance Conseil DU 19 Mars 2014 : Sonabhy Et Fasonorm;Assistance, Sonabhy, FASONORM;contrat;2014;;OUI;DOCESSEN
317;0317/CJ;Juridiction Et Contentieux : Contrat D'assistance Conseil DU 21 Mars 2015 : Sonabhy Et CBC;Assistance, Sonabhy, CBC;contrat;2015;;OUI;DOCESSEN
318;0318/CJ;Juridiction Et Contentieux : Contrat D'assistance Conseil DU 30 Mars 2016 : Sonabhy Et ATC;Assistance, Sonabhy, ATC;contrat;2016;;OUI;DOCESSEN
319;0319/CJ;Juridiction Et Contentieux : Contrat D'assistance Conseil DU 14 Mars 2017 : Sonabhy Et Fasonorm;Assistance, Sonabhy, FASONORM;contrat;2017;;OUI;DOCESSEN
320;0320/CJ;Juridiction Et Contentieux : Contrat D'assistance Conseil DU 14 Mars 2018 : Sonabhy Et CBC;Assistance, Sonabhy, CBC;contrat;2018;;OUI;DOCESSEN
321;0321/CJ;Juridiction Et Contentieux : Contrat D'assistance Conseil DU 16 Mars 2019 : Sonabhy Et ATC;Assistance, Sonabhy, ATC;contrat;2019;;OUI;DOCESSEN
322;0322/CJ;Juridiction Et Contentieux : Contrat D'assistance Conseil DU 16 Mars 2020 : Sonabhy Et Fasonorm;Assistance, Sonabhy, FASONORM;contrat;2020;;OUI;DOCESSEN
323;0323/CJ;Juridiction Et Contentieux : Contrat D'assistance Conseil DU 16 Mars 2021 : Sonabhy Et CBC;Assistance, Sonabhy, CBC;contrat;2021;;OUI;DOCESSEN
324;0324/CJ;Juridiction Et Contentieux : Contrat D'assistance Conseil DU 15 Mars 2022 : Sonabhy Et ATC;Assistance, Sonabhy, ATC;contrat;2022;;OUI;DOCESSEN
325;0325/CJ;Juridiction Et Contentieux : Contrat D'assistance Conseil DU 15 Mars 2023 : Sonabhy Et Fasonorm;Assistance, Sonabhy, FASONORM;contrat;2023;;OUI;DOCESSEN
326;0326/CJ;Juridiction Et Contentieux : Contrat D'assurance DU 01 Octobre 2012 : Sonabhy Et UAB;Assurance, Sonabhy, UAB;contrat;2012;;OUI;DOCESSEN
327;0327/CJ;Juridiction Et Contentieux : Contrat D'assurance DU 07 Octobre 2013 : Sonabhy Et UAB;Assurance, Sonabhy, UAB;contrat;2013;;OUI;DOCESSEN
328;0328/CJ;Juridiction Et Contentieux : Contrat D'assurance DU 06 Octobre 2014 : Sonabhy Et UAB;Assurance, Sonabhy, UAB;contrat;2014;;OUI;DOCESSEN
329;0329/CJ;Juridiction Et Contentieux : Contrat D'assurance DU 05 Octobre 2015 : Sonabhy Et UAB;Assurance, Sonabhy, UAB;contrat;2015;;OUI;DOCESSEN
330;0330/CJ;Juridiction Et Contentieux : Contrat D'assurance DU 06 Octobre 2016 : Sonabhy Et UAB;Assurance, Sonabhy, UAB;contrat;2016;;OUI;DOCESSEN
331;0331/CJ;Juridiction Et Contentieux : Contrat D'assurance DU 06 Octobre 2017 : Sonabhy Et UAB;Assurance, Sonabhy, UAB;contrat;2017;;OUI;DOCESSEN
332;0332/CJ;Juridiction Et Contentieux : Contrat D'assurance DU 04 Octobre 2018 : Sonabhy Et UAB;Assurance, Sonabhy, UAB;contrat;2018;;OUI;DOCESSEN
333;0333/CJ;Juridiction Et Contentieux : Contrat D'assurance DU 02 Novembre 2019 : Sonabhy Et UAB;Assurance, Sonabhy, UAB;contrat;2019;;OUI;DOCESSEN
334;0334/CJ;Juridiction Et Contentieux : Contrat D'assurance DU 05 Octobre 2020 : Sonabhy Et UAB;Assurance, Sonabhy, UAB;contrat;2020;;OUI;DOCESSEN
335;0335/CJ;Juridiction Et Contentieux : Contrat D'assurance DU 30 Septembre 2021 : Sonabhy Et UAB;Assurance, Sonabhy, UAB;contrat;2021;;OUI;DOCESSEN
336;0336/CJ;Juridiction Et Contentieux : Contrat D'assurance DU 04 Octobre 2022 : Sonabhy Et UAB;Assurance, Sonabhy, UAB;contrat;2022;;OUI;DOCESSEN
337;0337/CJ;Juridiction Et Contentieux : Contrat D'assurance DU 06 Octobre 2023 : Sonabhy Et UAB;Assurance, Sonabhy, UAB;contrat;2023;;OUI;DOCESSEN
338;0338/CJ;Juridiction Et Contentieux : Contrat D'assurance DU 09 Octobre 2024 : Sonabhy Et UAB;Assurance, Sonabhy, UAB;contrat;2024;;OUI;DOCESSEN
339;0339/CJ;Juridiction Et Contentieux : Contrat D'assurance DU 14 Octobre 2025 : Sonabhy Et UAB;Assurance, Sonabhy, UAB;contrat;2025;;OUI;DOCESSEN
340;0340/CJ;Juridiction Et Contentieux : Protocole D'accord Transactionnel DU 16 Decembre 2011 : Sonabhy Et DIPROMA;Accord, Sonabhy, DIPROMA;accord;2011;;OUI;DOCESSEN
341;0341/CJ;Juridiction Et Contentieux : Protocole D'accord Transactionnel DU 13 Decembre 2012 : Sonabhy Et DIPROMA;Accord, Sonabhy, DIPROMA;accord;2012;;OUI;DOCESSEN
342;0342/CJ;Juridiction Et Contentieux : Protocole D'accord Transactionnel DU 30 Octobre 2013 : Sonabhy Et DIPROMA;Accord, Sonabhy, DIPROMA;accord;2013;;OUI;DOCESSEN
343;0343/CJ;Juridiction Et Contentieux : Protocole D'accord Transactionnel DU 13 Novembre 2014 : Sonabhy Et DIPROMA;Accord, Sonabhy, DIPROMA;accord;2014;;OUI;DOCESSEN
344;0344/CJ;Juridiction Et Contentieux : Protocole D'accord Transactionnel DU 11 Novembre 2015 : Sonabhy Et DIPROMA;Accord, Sonabhy, DIPROMA;accord;2015;;OUI;DOCESSEN
345;0345/CJ;Juridiction Et Contentieux : Protocole D'accord Transactionnel DU 10 Novembre 2016 : Sonabhy Et DIPROMA;Accord, Sonabhy, DIPROMA;accord;2016;;OUI;DOCESSEN
346;0346/CJ;Juridiction Et Contentieux : Protocole D'accord Transactionnel DU 14 Decembre 2017 : Sonabhy Et DIPROMA;Accord, Sonabhy, DIPROMA;accord;2017;;OUI;DOCESSEN
347;0347/CJ;Juridiction Et Contentieux : Protocole D'accord Transactionnel DU 13 Decembre 2018 : Sonabhy Et DIPROMA;Accord, Sonabhy, DIPROMA;accord;2018;;OUI;DOCESSEN
348;0348/CJ;Juridiction Et Contentieux : Protocole D'accord Transactionnel DU 12 Decembre 2019 : Sonabhy Et DIPROMA;Accord, Sonabhy, DIPROMA;accord;2019;;OUI;DOCESSEN
349;0349/CJ;Juridiction Et Contentieux : Protocole D'accord Transactionnel DU 04 Novembre 2020 : Sonabhy Et DIPROMA;Accord, Sonabhy, DIPROMA;accord;2020;;OUI;DOCESSEN
350;0350/CJ;Juridiction Et Contentieux : Protocole D'accord Transactionnel DU 01 Novembre 2021 : Sonabhy Et DIPROMA;Accord, Sonabhy, DIPROMA;accord;2021;;OUI;DOCESSEN
351;0351/CJ;Juridiction Et Contentieux : Protocole D'accord Transactionnel DU 27 Octobre 2022 : Sonabhy Et DIPROMA;Accord, Sonabhy, DIPROMA;accord;2022;;OUI;DOCESSEN
352;0352/CJ;Juridiction Et Contentieux : Protocole D'accord Transactionnel DU 26 Octobre 2023 : Sonabhy Et DIPROMA;Accord, Sonabhy, DIPROMA;accord;2023;;OUI;DOCESSEN
353;0353/CJ;Juridiction Et Contentieux : Protocole D'accord Transactionnel DU 27 Octobre 2010 : Sonabhy Et Ouattara Issouf;Accord, Sonabhy, OUATTARA Issouf;accord;2010;;OUI;DOCESSEN
354;0354/CJ;Juridiction Et Contentieux : Protocole D'accord Transactionnel DU 22 Fevrier 2012 : Sonabhy Et Ouattara Issouf;Accord, Sonabhy, OUATTARA Issouf;accord;2012;;OUI;DOCESSEN
355;0355/CJ;Juridiction Et Contentieux : Protocole D'accord Transactionnel DU 30 Janvier 2014 : Sonabhy Et Ouattara Issouf;Accord, Sonabhy, OUATTARA Issouf;accord;2014;;OUI;DOCESSEN
356;0356/CJ;Juridiction Et Contentieux : Protocole D'accord Transactionnel DU 28 Janvier 2016 : Sonabhy Et Ouattara Issouf;Accord, Sonabhy, OUATTARA Issouf;accord;2016;;OUI;DOCESSEN
357;0357/CJ;Juridiction Et Contentieux : Protocole D'accord Transactionnel DU 26 Janvier 2018 : Sonabhy Et Ouattara Issouf;Accord, Sonabhy, OUATTARA Issouf;accord;2018;;OUI;DOCESSEN
358;0358/CJ;Juridiction Et Contentieux : Protocole D'accord Transactionnel DU 27 Janvier 2020 : Sonabhy Et Ouattara Issouf;Accord, Sonabhy, OUATTARA Issouf;accord;2020;;OUI;DOCESSEN
359;0359/CJ;Juridiction Et Contentieux : Protocole D'accord Transactionnel DU 03 Mars 2022 : Sonabhy Et Ouattara Issouf;Accord, Sonabhy, OUATTARA Issouf;accord;2022;;OUI;DOCESSEN
360;0360/CJ;Juridiction Et Contentieux : Protocole D'accord Transactionnel DU 27 Fevrier 2008 : Sonabhy Et Centre Regionale Pour Les Energies Renouvelables Et La Maitrise De L'energie (CEREME);Accord, Sonabhy, CEREME;accord;2008;;OUI;DOCESSEN
361;0361/CJ;Juridiction Et Contentieux : Protocole D'accord Transactionnel DU 31 Aout 2010 : Sonabhy Et CEREME;Accord, Sonabhy, CEREME;accord;2010;;OUI;DOCESSEN
362;0362/CJ;Juridiction Et Contentieux : Protocole D'accord Transactionnel DU 03 Decembre 2012 : Sonabhy Et CEREME;Accord, Sonabhy, CEREME;accord;2012;;OUI;DOCESSEN
363;0363/CJ;Juridiction Et Contentieux : Protocole D'accord Transactionnel DU 19 Novembre 2014 : Sonabhy Et CEREME;Accord, Sonabhy, CEREME;accord;2014;;OUI;DOCESSEN
364;0364/CJ;Juridiction Et Contentieux : Protocole D'accord Transactionnel DU 08 Decembre 2016 : Sonabhy Et CEREME;Accord, Sonabhy, CEREME;accord;2016;;OUI;DOCESSEN
365;0365/CJ;Juridiction Et Contentieux : Protocole D'accord Transactionnel DU 25 Octobre 2018 : Sonabhy Et CEREME;Accord, Sonabhy, CEREME;accord;2018;;OUI;DOCESSEN
366;0366/CJ;Juridiction Et Contentieux : Protocole D'accord Transactionnel DU 17 Octobre 2020 : Sonabhy Et CEREME;Accord, Sonabhy, CEREME;accord;2020;;OUI;DOCESSEN
367;0367/CJ;Juridiction Et Contentieux : Protocole D'accord Transactionnel DU 08 Novembre 2022 : Sonabhy Et CEREME;Accord, Sonabhy, CEREME;accord;2022;;OUI;DOCESSEN
368;0368/CJ;Juridiction Et Contentieux : Proces Verbal De Constat DU 16 Fevrier 2009 : Sonabhy Et SOCOMA;Proces Verbal, Sonabhy, SOCOMA;proces verbal;2009;;OUI;DOCESSEN
369;0369/CJ;Juridiction Et Contentieux : Proces Verbal De Constat DU 16 Juillet 2009 : Sonabhy Et Societe Aboubacar KABORE;Proces Verbal, Sonabhy, KABORE;proces verbal;2009;;OUI;DOCESSEN
370;0370/CJ;Juridiction Et Contentieux : Proces Verbal De Constat DU 13 Decembre 2012 : Sonabhy Et Societe YambdOP;Proces Verbal, Sonabhy, YAMBDOP;proces verbal;2012;;OUI;DOCESSEN
371;0371/CJ;Juridiction Et Contentieux : Proces Verbal De Constat DU 08 Novembre 2014 : Sonabhy Et COGENI;Proces Verbal, Sonabhy, COGENI;proces verbal;2014;;OUI;DOCESSEN
372;0372/CJ;Juridiction Et Contentieux : Proces Verbal De Constat DU 09 Juillet 2015 : Sonabhy Et Oxy SA;Proces Verbal, Sonabhy, OXY SA;proces verbal;2015;;OUI;DOCESSEN
373;0373/CJ;Juridiction Et Contentieux : Proces Verbal De Constat DU 12 Octobre 2016 : Sonabhy Et Oxy SA;Proces Verbal, Sonabhy, OXY SA;proces verbal;2016;;OUI;DOCESSEN
374;0374/CJ;Juridiction Et Contentieux : Proces Verbal De Constat DU 05 Decembre 2017 : Sonabhy Et Oxy SA;Proces Verbal, Sonabhy, OXY SA;proces verbal;2017;;OUI;DOCESSEN
375;0375/CJ;Juridiction Et Contentieux : Proces Verbal De Constat DU 17 Decembre 2018 : Sonabhy Et Oxy SA;Proces Verbal, Sonabhy, OXY SA;proces verbal;2018;;OUI;DOCESSEN
376;0376/CJ;Juridiction Et Contentieux : Proces Verbal De Constat DU 02 Decembre 2019 : Sonabhy Et Oxy SA;Proces Verbal, Sonabhy, OXY SA;proces verbal;2019;;OUI;DOCESSEN
377;0377/CJ;Juridiction Et Contentieux : Proces Verbal De Constat DU 18 Octobre 2021 : Sonabhy Et Oxy SA;Proces Verbal, Sonabhy, OXY SA;proces verbal;2021;;OUI;DOCESSEN
378;0378/CJ;Juridiction Et Contentieux : Proces Verbal De Constat DU 18 Octobre 2022 : Sonabhy Et Oxy SA;Proces Verbal, Sonabhy, OXY SA;proces verbal;2022;;OUI;DOCESSEN
379;0379/CJ;Juridiction Et Contentieux : Decision DU 17 Octobre 2012 : Sonabhy Et Fondation Sonabhy;Decision, Sonabhy, Fondation Sonabhy;decision;2012;;OUI;DOCESSEN
380;0380/CJ;Juridiction Et Contentieux : Decision DU 21 Octobre 2015 : Sonabhy Et Foundation Sonabhy;Decision, Sonabhy, Fondation Sonabhy;decision;2015;;OUI;DOCESSEN
381;0381/CJ;Juridiction Et Contentieux : Decision DU 19 Octobre 2016 : Sonabhy Et Foundation Sonabhy;Decision, Sonabhy, Fondation Sonabhy;decision;2016;;OUI;DOCESSEN
382;0382/CJ;Juridiction Et Contentieux : Decision DU 07 Decembre 2017 : Sonabhy Et Foundation Sonabhy;Decision, Sonabhy, Fondation Sonabhy;decision;2017;;OUI;DOCESSEN
383;0383/CJ;Juridiction Et Contentieux : Decision DU 17 Decembre 2019 : Sonabhy Et Foundation Sonabhy;Decision, Sonabhy, Fondation Sonabhy;decision;2019;;OUI;DOCESSEN
384;0384/CJ;Juridiction Et Contentieux : Decision DU 15 Decembre 2021 : Sonabhy Et Fondation Sonabhy;Decision, Sonabhy, Fondation Sonabhy;decision;2021;;OUI;DOCESSEN
385;0385/CJ;Juridiction Et Contentieux : Decision DU 07 Decembre 2022 : Sonabhy Et Fondation Sonabhy;Decision, Sonabhy, Fondation Sonabhy;decision;2022;;OUI;DOCESSEN
386;0386/CJ;Juridiction Et Contentieux : Decision DU 06 Decembre 2023 : Sonabhy Et Fondation Sonabhy;Decision, Sonabhy, Fondation Sonabhy;decision;2023;;OUI;DOCESSEN
387;0387/CJ;Juridiction Et Contentieux : Decision DU 29 Decembre 2024 : Sonabhy Et Fondation Sonabhy;Decision, Sonabhy, Fondation Sonabhy;decision;2024;;OUI;DOCESSEN
388;0388/CJ;Juridiction Et Contentieux : Contrat D'abonnement DU 09 Octobre 2012 : Sonabhy Et Oracle;Abonnement, Sonabhy, Oracle;contrat;2012;;OUI;DOCESSEN
389;0389/CJ;Juridiction Et Contentieux : Contrat D'abonnement DU 15 Decembre 2014 : Sonabhy Et Oracle;Abonnement, Sonabhy, Oracle;contrat;2014;;OUI;DOCESSEN
390;0390/CJ;Juridiction Et Contentieux : Contrat D'abonnement DU 11 Decembre 2015 : Sonabhy Et Oracle;Abonnement, Sonabhy, Oracle;contrat;2015;;OUI;DOCESSEN
391;0391/CJ;Juridiction Et Contentieux : Contrat D'abonnement DU 15 Decembre 2016 : Sonabhy Et Oracle;Abonnement, Sonabhy, Oracle;contrat;2016;;OUI;DOCESSEN
392;0392/CJ;Juridiction Et Contentieux : Contrat D'abonnement DU 13 Decembre 2017 : Sonabhy Et Oracle;Abonnement, Sonabhy, Oracle;contrat;2017;;OUI;DOCESSEN
393;0393/CJ;Juridiction Et Contentieux : Contrat De Transport De Produits Petroliers N°11/0010 DU 11 Mars 2011 : Sonabhy Et SN-SA.TEC;Transport, Produit Petrolier, Sonabhy, SN-SA.TEC;contrat;11 mars, 2011;;;
394;0394/CJ;Juridiction Et Contentieux : Contrat D'abonnement DU 08 Novembre 2018 : Sonabhy Et Oracle;Abonnement, Sonabhy, Oracle;contrat;2018;;OUI;DOCESSEN
395;0395/CJ;Juridiction Et Contentieux : Contrat D'abonnement DU 29 Octobre 2019 : Sonabhy Et Oracle;Abonnement, Sonabhy, Oracle;contrat;2019;;OUI;DOCESSEN
396;0396/CJ;Juridiction Et Contentieux : Contrat D'abonnement DU 29 Octobre 2020 : Sonabhy Et Oracle;Abonnement, Sonabhy, Oracle;contrat;2020;;OUI;DOCESSEN
397;0397/CJ;Juridiction Et Contentieux : Contrat D'abonnement DU 29 Octobre 2021 : Sonabhy Et Oracle;Abonnement, Sonabhy, Oracle;contrat;2021;;OUI;DOCESSEN
398;0398/CJ;Juridiction Et Contentieux : Contrat D'abonnement DU 29 Octobre 2022 : Sonabhy Et Oracle;Abonnement, Sonabhy, Oracle;contrat;2022;;OUI;DOCESSEN
399;0399/CJ;Juridiction Et Contentieux : Contrat D'abonnement DU 29 Octobre 2023 : Sonabhy Et Oracle;Abonnement, Sonabhy, Oracle;contrat;2023;;OUI;DOCESSEN
400;0400/CJ;Juridiction Et Contentieux : Accusé De Reception DU 17 Aout 2004 : Sonabhy Et Telecom;Accuse, Sonabhy, TELECOM;correspondance;2004;;OUI;DOCESSEN
401;0401/CJ;Juridiction Et Contentieux : Accusé De Reception DU 26 Juillet 2006 : Sonabhy Et Telecom;Accuse, Sonabhy, TELECOM;correspondance;2006;;OUI;DOCESSEN
402;0402/CJ;Juridiction Et Contentieux : Accusé De Reception DU 05 Octobre 2007 : Sonabhy Et Telecom;Accuse, Sonabhy, TELECOM;correspondance;2007;;OUI;DOCESSEN
403;0403/CJ;Juridiction Et Contentieux : Accusé De Reception DU 04 Juin 2009 : Sonabhy Et Telecom;Accuse, Sonabhy, TELECOM;correspondance;2009;;OUI;DOCESSEN
404;0404/CJ;Juridiction Et Contentieux : Accusé De Reception DU 10 Fevrier 2011 : Sonabhy Et Telecom;Accuse, Sonabhy, TELECOM;correspondance;2011;;OUI;DOCESSEN
405;0405/CJ;Juridiction Et Contentieux : Accusé De Reception DU 16 Janvier 2012 : Sonabhy Et Telecom;Accuse, Sonabhy, TELECOM;correspondance;2012;;OUI;DOCESSEN
406;0406/CJ;Juridiction Et Contentieux : Accusé De Reception DU 10 Decembre 2012 : Sonabhy Et Telecom;Accuse, Sonabhy, TELECOM;correspondance;2012;;OUI;DOCESSEN
407;0407/CJ;Juridiction Et Contentieux : Accusé De Reception DU 08 Novembre 2013 : Sonabhy Et Telecom;Accuse, Sonabhy, TELECOM;correspondance;2013;;OUI;DOCESSEN
408;0408/CJ;Juridiction Et Contentieux : Accusé De Reception DU 27 Octobre 2014 : Sonabhy Et Telecom;Accuse, Sonabhy, TELECOM;correspondance;2014;;OUI;DOCESSEN
409;0409/CJ;Juridiction Et Contentieux : Accusé De Reception DU 15 Octobre 2015 : Sonabhy Et Telecom;Accuse, Sonabhy, TELECOM;correspondance;2015;;OUI;DOCESSEN
410;0410/CJ;Juridiction Et Contentieux : Accusé De Reception DU 07 Octobre 2016 : Sonabhy Et Telecom;Accuse, Sonabhy, TELECOM;correspondance;2016;;OUI;DOCESSEN
411;0411/CJ;Juridiction Et Contentieux : Accusé De Reception DU 18 Decembre 2017 : Sonabhy Et Telecom;Accuse, Sonabhy, TELECOM;correspondance;2017;;OUI;DOCESSEN
412;0412/CJ;Juridiction Et Contentieux : Accusé De Reception DU 30 Novembre 2018 : Sonabhy Et Telecom;Accuse, Sonabhy, TELECOM;correspondance;2018;;OUI;DOCESSEN
413;0413/CJ;Juridiction Et Contentieux : Accusé De Reception DU 21 Novembre 2019 : Sonabhy Et Telecom;Accuse, Sonabhy, TELECOM;correspondance;2019;;OUI;DOCESSEN
414;0414/CJ;Juridiction Et Contentieux : Accusé De Reception DU 17 Novembre 2020 : Sonabhy Et Telecom;Accuse, Sonabhy, TELECOM;correspondance;2020;;OUI;DOCESSEN
415;0415/CJ;Juridiction Et Contentieux : Accusé De Reception DU 16 Novembre 2021 : Sonabhy Et Telecom;Accuse, Sonabhy, TELECOM;correspondance;2021;;OUI;DOCESSEN
416;0416/CJ;Juridiction Et Contentieux : Accusé De Reception DU 17 Novembre 2022 : Sonabhy Et Telecom;Accuse, Sonabhy, TELECOM;correspondance;2022;;OUI;DOCESSEN
417;0417/CJ;Juridiction Et Contentieux : Accusé De Reception DU 23 Octobre 2023 : Sonabhy Et Telecom;Accuse, Sonabhy, TELECOM;correspondance;2023;;OUI;DOCESSEN
418;0418/CJ;Juridiction Et Contentieux : Accusé De Reception DU 18 Octobre 2024 : Sonabhy Et Telecom;Accuse, Sonabhy, TELECOM;correspondance;2024;;OUI;DOCESSEN
419;0419/CJ;Juridiction Et Contentieux : Accusé De Reception DU 10 Octobre 2025 : Sonabhy Et Telecom;Accuse, Sonabhy, TELECOM;correspondance;2025;;OUI;DOCESSEN
420;0420/CJ;Juridiction Et Contentieux : Mise En Demeure DU 15 Janvier 2009 : Sonabhy Et STBC;Mise en demeure, Sonabhy, STBC;correspondance;2009;;OUI;DOCESSEN
421;0421/CJ;Juridiction Et Contentieux : Mise En Demeure DU 11 Janvier 2011 : Sonabhy Et STBC;Mise en demeure, Sonabhy, STBC;correspondance;2011;;OUI;DOCESSEN
422;0422/CJ;Juridiction Et Contentieux : Mise En Demeure DU 09 Novembre 2012 : Sonabhy Et STBC;Mise en demeure, Sonabhy, STBC;correspondance;2012;;OUI;DOCESSEN
423;0423/CJ;Juridiction Et Contentieux : Convention De Cession Et Certificat De Reception : Sonabhy Et Ministere De L'economie Et Des Finances DU 28 Avril 2011;Cession, Certificat De Reception, Convention, Sonabhy, Ministere De L'economie Et Des Finances;contrat;28 avril, 2011;;;
424;0424/CJ;Juridiction Et Contentieux : Protocole D'accord DU 21 Juin 2012 : Sonabhy Et Ministere De La Recherche Scientifique Et De L'innovation;Accord, Sonabhy, Ministere De La Recherche Scientifique Et De L'innovation;accord;2012;;OUI;DOCESSEN
425;0425/CJ;Juridiction Et Contentieux : Convention D'apurement DU 16 Janvier 2015 : Sonabhy Et Ministere Des Mines Et De L'energie;Apurement, Sonabhy, Ministere Des Mines Et De L'energie;convention;2015;;OUI;DOCESSEN
426;0426/CJ;Juridiction Et Contentieux : Convention D'apurement DU 20 Janvier 2016 : Sonabhy Et Ministere Des Mines Et De L'energie;Apurement, Sonabhy, Ministere Des Mines Et De L'energie;convention;2016;;OUI;DOCESSEN
427;0427/CJ;Juridiction Et Contentieux : Convention D'apurement DU 31 Janvier 2017 : Sonabhy Et Ministere Des Mines Et De L'energie;Apurement, Sonabhy, Ministere Des Mines Et De L'energie;convention;2017;;OUI;DOCESSEN
428;0428/CJ;Juridiction Et Contentieux : Convention D'apurement DU 18 Janvier 2018 : Sonabhy Et Ministere Des Mines Et De L'energie;Apurement, Sonabhy, Ministere Des Mines Et De L'energie;convention;2018;;OUI;DOCESSEN
429;0429/CJ;Juridiction Et Contentieux : Convention D'apurement DU 17 Janvier 2019 : Sonabhy Et Ministere Des Mines Et De L'energie;Apurement, Sonabhy, Ministere Des Mines Et De L'energie;convention;2019;;OUI;DOCESSEN
430;0430/CJ;Juridiction Et Contentieux : Convention D'apurement DU 14 Janvier 2020 : Sonabhy Et Ministere Des Mines Et De L'energie;Apurement, Sonabhy, Ministere Des Mines Et De L'energie;convention;2020;;OUI;DOCESSEN
431;0431/CJ;Juridiction Et Contentieux : Convention D'apurement DU 25 Janvier 2021 : Sonabhy Et Ministere Des Mines Et De L'energie;Apurement, Sonabhy, Ministere Des Mines Et De L'energie;convention;2021;;OUI;DOCESSEN
432;0432/CJ;Juridiction Et Contentieux : Convention D'apurement DU 24 Janvier 2022 : Sonabhy Et Ministere Des Mines Et De L'energie;Apurement, Sonabhy, Ministere Des Mines Et De L'energie;convention;2022;;OUI;DOCESSEN
433;0433/CJ;Juridiction Et Contentieux : Convention D'apurement DU 23 Janvier 2023 : Sonabhy Et Ministere Des Mines Et De L'energie;Apurement, Sonabhy, Ministere Des Mines Et De L'energie;convention;2023;;OUI;DOCESSEN
434;0434/CJ;Juridiction Et Contentieux : Convention D'apurement DU 25 Janvier 2024 : Sonabhy Et Ministere Des Mines Et De L'energie;Apurement, Sonabhy, Ministere Des Mines Et De L'energie;convention;2024;;OUI;DOCESSEN
435;0435/CJ;Juridiction Et Contentieux : Convention D'apurement DU 07 Avril 2015 : Sonabhy Et Ministere Des Finances Et Du Budget;Apurement, Sonabhy, Ministere Des Finances Et Du Budget;convention;2015;;OUI;DOCESSEN
436;0436/CJ;Juridiction Et Contentieux : Convention D'apurement DU 15 Avril 2016 : Sonabhy Et Ministere Des Finances Et Du Budget;Apurement, Sonabhy, Ministere Des Finances Et Du Budget;convention;2016;;OUI;DOCESSEN
437;0437/CJ;Juridiction Et Contentieux : Convention D'apurement DU 04 Mai 2017 : Sonabhy Et Ministere Des Finances Et Du Budget;Apurement, Sonabhy, Ministere Des Finances Et Du Budget;convention;2017;;OUI;DOCESSEN
438;0438/CJ;Juridiction Et Contentieux : Convention D'apurement DU 20 Avril 2018 : Sonabhy Et Ministere Des Finances Et Du Budget;Apurement, Sonabhy, Ministere Des Finances Et Du Budget;convention;2018;;OUI;DOCESSEN
439;0439/CJ;Juridiction Et Contentieux : Convention D'apurement DU 16 Avril 2019 : Sonabhy Et Ministere Des Finances Et Du Budget;Apurement, Sonabhy, Ministere Des Finances Et Du Budget;convention;2019;;OUI;DOCESSEN
440;0440/CJ;Juridiction Et Contentieux : Marche N°01/2011 Sur Les Frais De Formation : Sonabhy Et Ergonomie Service Afrique DU 28 Janvier 2011;Marche, Formation, Sonabhy, Ergonomie Service Afrique;contrat;2011;;OUI;DOCESSEN
441;0441/CJ;Juridiction Et Contentieux : Marche N°02/2011 Sur Les Frais D'abonnement Au Reseau Informationnel Sur Les Produits Petroliers (RIPP) : Sonabhy Et RIPP;Marche, RIPP, Information, Sonabhy;contrat;2011;;OUI;DOCESSEN
442;0442/CJ;Juridiction Et Contentieux : Marche N°06/2011 Sur Les Frais De Port : Sonabhy Et SITARAIL;Marche, Port, Sonabhy, Sitarail;contrat;2011;;OUI;DOCESSEN
443;0443/CJ;Juridiction Et Contentieux : Marche N°01/2012 Sur Les Frais De Transport : Sonabhy Et SITARAIL;Marche, Transport, Sonabhy, Sitarail;contrat;2012;;OUI;DOCESSEN
444;0444/CJ;Juridiction Et Contentieux : Marche N°19/2015 Sur Les Frais De Formation : Sonabhy Et ADS;Marche, Formation, Sonabhy, ADS;contrat;2015;;OUI;DOCESSEN
445;0445/CJ;Juridiction Et Contentieux : Marche N°05/2016 Sur Les Frais De Formation : Sonabhy Et DES;Marche, Formation, Sonabhy, DES;contrat;2016;;OUI;DOCESSEN
446;0446/CJ;Juridiction Et Contentieux : Marche N°03/2017 Sur Les Frais De Formation : Sonabhy Et AVERNO;Marche, Formation, Sonabhy, AVERNO;contrat;2017;;OUI;DOCESSEN
447;0447/CJ;Juridiction Et Contentieux : Marche N°05/2018 Sur Les Frais De Formation : Sonabhy Et BFI;Marche, Formation, Sonabhy, BFI;contrat;2018;;OUI;DOCESSEN
448;0448/CJ;Juridiction Et Contentieux : Marche N°04/2019 Sur Les Frais De Formation : Sonabhy Et CMAC-B;Marche, Formation, Sonabhy, CMAC-B;contrat;2019;;OUI;DOCESSEN
449;0449/CJ;Juridiction Et Contentieux : Marche N°07/2020 Sur Les Frais De Formation : Sonabhy Et IRFF;Marche, Formation, Sonabhy, IRFF;contrat;2020;;OUI;DOCESSEN
450;0450/CJ;Juridiction Et Contentieux : Marche N°10/2021 Sur Les Frais De Formation : Sonabhy Et OD;Marche, Formation, Sonabhy, OD;contrat;2021;;OUI;DOCESSEN
451;0451/CJ;Juridiction Et Contentieux : Marche N°17/2022 Sur Les Frais De Formation : Sonabhy Et CAS;Marche, Formation, Sonabhy, CAS;contrat;2022;;OUI;DOCESSEN
452;0452/CJ;Juridiction Et Contentieux : Marche N°04/2017 Sur Les Frais De Communication : Sonabhy Et Airtel;Marche, Communication, Sonabhy, Airtel;contrat;2017;;OUI;DOCESSEN
453;0453/CJ;Juridiction Et Contentieux : Marche N°04/2018 Sur Les Frais De Communication : Sonabhy Et Airtel;Marche, Communication, Sonabhy, Airtel;contrat;2018;;OUI;DOCESSEN
454;0454/CJ;Juridiction Et Contentieux : Marche N°06/2019 Sur Les Frais De Communication : Sonabhy Et Airtel;Marche, Communication, Sonabhy, Airtel;contrat;2019;;OUI;DOCESSEN
455;0455/CJ;Juridiction Et Contentieux : Marche N°06/2020 Sur Les Frais De Communication : Sonabhy Et Orange;Marche, Communication, Sonabhy, Orange;contrat;2020;;OUI;DOCESSEN
456;0456/CJ;Juridiction Et Contentieux : Marche N°08/2021 Sur Les Frais De Communication : Sonabhy Et Orange;Marche, Communication, Sonabhy, Orange;contrat;2021;;OUI;DOCESSEN
457;0457/CJ;Juridiction Et Contentieux : Marche N°08/2022 Sur Les Frais De Communication : Sonabhy Et Orange;Marche, Communication, Sonabhy, Orange;contrat;2022;;OUI;DOCESSEN
458;0458/CJ;Juridiction Et Contentieux : Marche N°08/2023 Sur Les Frais De Communication : Sonabhy Et Orange;Marche, Communication, Sonabhy, Orange;contrat;2023;;OUI;DOCESSEN
459;0459/CJ;Juridiction Et Contentieux : Protocole D'accord DU 08 Mars 2012 : Sonabhy Et Ministere De La Defense;Accord, Sonabhy, Ministere De La Defense;accord;2012;;OUI;DOCESSEN
460;0460/CJ;Juridiction Et Contentieux : Protocole D'accord DU 25 Juin 2013 : Sonabhy Et Ministere De La Defense;Accord, Sonabhy, Ministere De La Defense;accord;2013;;OUI;DOCESSEN
461;0461/CJ;Juridiction Et Contentieux : Protocole D'accord DU 24 Septembre 2014 : Sonabhy Et Ministere De La Defense;Accord, Sonabhy, Ministere De La Defense;accord;2014;;OUI;DOCESSEN
462;0462/CJ;Juridiction Et Contentieux : Protocole D'accord DU 13 Mai 2015 : Sonabhy Et Ministere De La Defense;Accord, Sonabhy, Ministere De La Defense;accord;2015;;OUI;DOCESSEN
463;0463/CJ;Juridiction Et Contentieux : Protocole D'accord DU 15 Avril 2016 : Sonabhy Et Ministere De La Defense;Accord, Sonabhy, Ministere De La Defense;accord;2016;;OUI;DOCESSEN
464;0464/CJ;Juridiction Et Contentieux : Protocole D'accord DU 27 Mars 2017 : Sonabhy Et Ministere De La Defense;Accord, Sonabhy, Ministere De La Defense;accord;2017;;OUI;DOCESSEN
465;0465/CJ;Juridiction Et Contentieux : Protocole D'accord DU 05 Mars 2018 : Sonabhy Et Ministere De La Defense;Accord, Sonabhy, Ministere De La Defense;accord;2018;;OUI;DOCESSEN
466;0466/CJ;Juridiction Et Contentieux : Protocole D'accord DU 11 Mars 2019 : Sonabhy Et Ministere De La Defense;Accord, Sonabhy, Ministere De La Defense;accord;2019;;OUI;DOCESSEN
467;0467/CJ;Juridiction Et Contentieux : Protocole D'accord DU 20 Fevrier 2020 : Sonabhy Et Ministere De La Defense;Accord, Sonabhy, Ministere De La Defense;accord;2020;;OUI;DOCESSEN
468;0468/CJ;Juridiction Et Contentieux : Protocole D'accord DU 16 Fevrier 2021 : Sonabhy Et Ministere De La Defense;Accord, Sonabhy, Ministere De La Defense;accord;2021;;OUI;DOCESSEN
469;0469/CJ;Juridiction Et Contentieux : Protocole D'accord DU 16 Fevrier 2022 : Sonabhy Et Ministere De La Defense;Accord, Sonabhy, Ministere De La Defense;accord;2022;;OUI;DOCESSEN
470;0470/CJ;Juridiction Et Contentieux : Protocole D'accord DU 09 Mars 2023 : Sonabhy Et Ministere De La Defense;Accord, Sonabhy, Ministere De La Defense;accord;2023;;OUI;DOCESSEN
471;0471/CJ;Juridiction Et Contentieux : Protocole D'accord DU 02 Avril 2019 : Sonabhy Et Ministere Du Commerce;Accord, Sonabhy, Ministere Du Commerce;accord;2019;;OUI;DOCESSEN
472;0472/CJ;Juridiction Et Contentieux : Protocole D'accord DU 06 Mars 2020 : Sonabhy Et Ministere Du Commerce;Accord, Sonabhy, Ministere Du Commerce;accord;2020;;OUI;DOCESSEN
473;0473/CJ;Juridiction Et Contentieux : Protocole D'accord DU 02 Mars 2021 : Sonabhy Et Ministere Du Commerce;Accord, Sonabhy, Ministere Du Commerce;accord;2021;;OUI;DOCESSEN
474;0474/CJ;Juridiction Et Contentieux : Protocole D'accord DU 06 Mars 2022 : Sonabhy Et Ministere Du Commerce;Accord, Sonabhy, Ministere Du Commerce;accord;2022;;OUI;DOCESSEN
475;0475/CJ;Juridiction Et Contentieux : Protocole D'accord DU 02 Mars 2023 : Sonabhy Et Ministere Du Commerce;Accord, Sonabhy, Ministere Du Commerce;accord;2023;;OUI;DOCESSEN
476;0476/CJ;Juridiction Et Contentieux : Protocole D'accord DU 06 Septembre 2023 : Sonabhy Et ASCE;Accord, Sonabhy, ASCE;accord;2023;;OUI;DOCESSEN
477;0477/CJ;Juridiction Et Contentieux : Protocole D'accord DU 08 Octobre 2024 : Sonabhy Et Ministere De L'environnement;Accord, Sonabhy, Ministere De L'environnement;accord;2024;;OUI;DOCESSEN
478;0478/CJ;Juridiction Et Contentieux : Arrêté D'approbation N°2013-0022/MDENP/CAB DU 02 Juillet 2013 Portant Homologation Des Prix DU Gaz Butane;Arrete, Homologation, Gaz Butane;arrete;2013;;OUI;DOCESSEN
479;0479/CJ;Juridiction Et Contentieux : Arrêté N°2014-0033/MCIA/SG/DGC DU 01 Septembre 2014 Portant Homologation Des Prix DU Gaz Butane;Arrete, Homologation, Gaz Butane;arrete;2014;;OUI;DOCESSEN
480;0480/CJ;Juridiction Et Contentieux : Arrêté N°2015-0056/MICA/SG/DGC DU 30 Decembre 2015 Portant Homologation Des Prix DU Gaz Butane;Arrete, Homologation, Gaz Butane;arrete;2015;;OUI;DOCESSEN
481;0481/CJ;Juridiction Et Contentieux : Arrêté N°2017-0041/MICA/SG/DGC DU 22 Decembre 2017 Portant Homologation Des Prix DU Gaz Butane;Arrete, Homologation, Gaz Butane;arrete;2017;;OUI;DOCESSEN
482;0482/CJ;Juridiction Et Contentieux : Arrêté N°2018-0070/MICA/SG/DGC DU 13 Decembre 2018 Portant Homologation Des Prix DU Gaz Butane;Arrete, Homologation, Gaz Butane;arrete;2018;;OUI;DOCESSEN
483;0483/CJ;Juridiction Et Contentieux : Arrêté N°2020-0006/MCIA/SG/DGC DU 12 Mars 2020 Portant Homologation Des Prix DU Gaz Butane;Arrete, Homologation, Gaz Butane;arrete;2020;;OUI;DOCESSEN
484;0484/CJ;Juridiction Et Contentieux : Arrêté N°2021-0007/MCIA/SG/DGC DU 19 Mars 2021 Portant Homologation Des Prix DU Gaz Butane;Arrete, Homologation, Gaz Butane;arrete;2021;;OUI;DOCESSEN
485;0485/CJ;Juridiction Et Contentieux : Arrêté N°2022-0008/MCIA/SG/DGC DU 25 Mars 2022 Portant Homologation Des Prix DU Gaz Butane;Arrete, Homologation, Gaz Butane;arrete;2022;;OUI;DOCESSEN
486;0486/CJ;Juridiction Et Contentieux : Arrêté N°2023-0009/MCIA/SG/DGC DU 29 Mars 2023 Portant Homologation Des Prix DU Gaz Butane;Arrete, Homologation, Gaz Butane;arrete;2023;;OUI;DOCESSEN
487;0487/CJ;Juridiction Et Contentieux : Arrêté N°2024-???/MCIA/SG/DGC DU 28 Mars 2024 Portant Homologation Des Prix DU Gaz Butane;Arrete, Homologation, Gaz Butane;arrete;2024;;OUI;DOCESSEN
488;0488/CJ;Juridiction Et Contentieux : Accord Cadre DU 28 Mars 2008 : Sonabhy Et Ministère Du Commerce;Accord, Sonabhy, Ministere Du Commerce;accord;2008;;OUI;DOCESSEN
489;0489/CJ;Juridiction Et Contentieux : Accord Cadre DU 20 Mai 2009 : Sonabhy Et Ministère Du Commerce;Accord, Sonabhy, Ministere Du Commerce;accord;2009;;OUI;DOCESSEN
490;0490/CJ;Juridiction Et Contentieux : Accord Cadre DU 10 Juin 2010 : Sonabhy Et Ministère Du Commerce;Accord, Sonabhy, Ministere Du Commerce;accord;2010;;OUI;DOCESSEN
491;0491/CJ;Juridiction Et Contentieux : Accord Cadre DU 06 Juin 2011 : Sonabhy Et Ministère Du Commerce;Accord, Sonabhy, Ministere Du Commerce;accord;2011;;OUI;DOCESSEN
492;0492/CJ;Juridiction Et Contentieux : Accord Cadre DU 16 Mai 2012 : Sonabhy Et Ministère Du Commerce;Accord, Sonabhy, Ministere Du Commerce;accord;2012;;OUI;DOCESSEN
493;0493/CJ;Juridiction Et Contentieux : Accord Cadre DU 17 Mai 2013 : Sonabhy Et Ministère Du Commerce;Accord, Sonabhy, Ministere Du Commerce;accord;2013;;OUI;DOCESSEN
494;0494/CJ;Juridiction Et Contentieux : Accord Cadre DU 06 Juin 2014 : Sonabhy Et Ministère Du Commerce;Accord, Sonabhy, Ministere Du Commerce;accord;2014;;OUI;DOCESSEN
495;0495/CJ;Juridiction Et Contentieux : Accord Cadre DU 19 Juin 2015 : Sonabhy Et Ministère Du Commerce;Accord, Sonabhy, Ministere Du Commerce;accord;2015;;OUI;DOCESSEN
496;0496/CJ;Juridiction Et Contentieux : Accord Cadre DU 17 Juin 2016 : Sonabhy Et Ministère Du Commerce;Accord, Sonabhy, Ministere Du Commerce;accord;2016;;OUI;DOCESSEN
497;0497/CJ;Juridiction Et Contentieux : Accord Cadre DU 12 Juin 2017 : Sonabhy Et Ministère Du Commerce;Accord, Sonabhy, Ministere Du Commerce;accord;2017;;OUI;DOCESSEN
498;0498/CJ;Juridiction Et Contentieux : Accord Cadre DU 15 Juin 2018 : Sonabhy Et Ministère Du Commerce;Accord, Sonabhy, Ministere Du Commerce;accord;2018;;OUI;DOCESSEN
499;0499/CJ;Juridiction Et Contentieux : Accord Cadre DU 11 Juin 2019 : Sonabhy Et Ministère Du Commerce;Accord, Sonabhy, Ministere Du Commerce;accord;2019;;OUI;DOCESSEN
500;0500/CJ;Juridiction Et Contentieux : Accord Cadre DU 05 Juin 2020 : Sonabhy Et Ministère Du Commerce;Accord, Sonabhy, Ministere Du Commerce;accord;2020;;OUI;DOCESSEN
501;0501/CJ;Juridiction Et Contentieux : Accord Cadre DU 29 Juin 2021 : Sonabhy Et Ministère Du Commerce;Accord, Sonabhy, Ministere Du Commerce;accord;2021;;OUI;DOCESSEN
502;0502/CJ;Juridiction Et Contentieux : Accord Cadre DU 24 Juin 2022 : Sonabhy Et Ministère Du Commerce;Accord, Sonabhy, Ministere Du Commerce;accord;2022;;OUI;DOCESSEN
503;0503/CJ;Juridiction Et Contentieux : Accord Cadre DU 09 Juin 2023 : Sonabhy Et Ministère Du Commerce;Accord, Sonabhy, Ministere Du Commerce;accord;2023;;OUI;DOCESSEN
504;0504/CJ;Juridiction Et Contentieux : Fait Marquant DU 30 Septembre 2011 : Sonabhy;Fait marquant, Sonabhy;document;2011;;OUI;DOCESSEN
505;0505/CJ;Juridiction Et Contentieux : Fait Marquant DU 30 Septembre 2012 : Sonabhy;Fait marquant, Sonabhy;document;2012;;OUI;DOCESSEN
506;0506/CJ;Juridiction Et Contentieux : Fait Marquant DU 18 Octobre 2013 : Sonabhy;Fait marquant, Sonabhy;document;2013;;OUI;DOCESSEN
507;0507/CJ;Juridiction Et Contentieux : Fait Marquant DU 31 Octobre 2014 : Sonabhy;Fait marquant, Sonabhy;document;2014;;OUI;DOCESSEN
508;0508/CJ;Juridiction Et Contentieux : Fait Marquant DU 28 Octobre 2015 : Sonabhy;Fait marquant, Sonabhy;document;2015;;OUI;DOCESSEN
509;0509/CJ;Juridiction Et Contentieux : Fait Marquant DU 29 Octobre 2016 : Sonabhy;Fait marquant, Sonabhy;document;2016;;OUI;DOCESSEN
510;0510/CJ;Juridiction Et Contentieux : Fait Marquant DU 10 Novembre 2017 : Sonabhy;Fait marquant, Sonabhy;document;2017;;OUI;DOCESSEN
511;0511/CJ;Juridiction Et Contentieux : Fait Marquant DU 09 Novembre 2018 : Sonabhy;Fait marquant, Sonabhy;document;2018;;OUI;DOCESSEN
512;0512/CJ;Juridiction Et Contentieux : Transport De Produits Petroliers ; Contrat N°20/0178 DU 15 Juin 2020 : Sonabhy Et Partenariat Africain Pour La Transformation Industrielle Et Economique (PATRIE);Transport, Produit Petrolier, Sonabhy, Partenariat Africain Pour La Transformation Industrielle Et Economique, PATRIE;contrat;07 2020;OUI;DOCESSEN
