cote,auteur,titre,adresse,description_tech,descrip_matiere
DIS.001,GROUPE REVUE FIDUCIAIRE,Archiver dans une entreprise privée commerciale,"Paris : GRF, s.d.",1 disquette : format RTF word PC,/ARCHIVES//ENTREPRISE PRIVEE//COMMERCE/
DIS.002,GROUPE REVUE FIDUCIAIRE,Consultation des archives dans une entreprise privée commerciale,"Paris : GRF, s.d.",1 disquette : format RTF word PC,/ARCHIVES//ENTREPRISE PRIVEE//COMMERCE/
DVD.001,SONABHY,Pourquoi la folie des pompes ? RESSOURCE  : film documentaire,"[ouagadougou] : SONABHY, 2007","1 DVD : 52 min, coul.",/PRIX DU BARIL//HYDROCARBURE//HAUSSE//PETROLE//CONSOMMATEUR/ DESCRIP GEO: /BURKINA FASO/
CDR.001,BURKINA FASO (MPDH),Code de protection de l'enfance : recueil des textes RESSOURCE  : recueil,"Ouagadougou : MPDH, 2006","1 CD-ROM : 700 mb / 80 min NOTES;: Appui de l'UNICEF, Save the children Suède, Aide à l'enfance Canada, SONABHY, LONAB",/ENFANCE//DROIT HUMAIN/ DESCRIP GEO: /BURKINA FASO/
CDR.002,"""HERMES ; LAVOISIER""",Catalogue complet : plus de 2000 ouvrages,"Paris : HERMES, LAVOISIER, 2005",1 cd rom COLLECTION : HERMES SCIENCE PUBLICATIONS,/CATALOGUE//DOCUMENTATION//INFORMATION DOCUMENTAIRE/
CDR.003,AFNOR,Records management : gestion et conservation des documents en toute sécurité,"Saint-Denis la Plaine : AFNOR, 2004",1 cd rom COLLECTION : Recueil normes et réglementation : 20,/GESTION DOCUMENTAIRE//RECORDS MANAGEMENT//SECURITE//CONSERVATION//ARCHIVES/
CDR.004,INSTITUT FRANCAIS DE PETROLE,Economie de la chaîne pétrolière,"Paris : IFP, s.d.","730 mb, 80 min",/ECONOMIE PETROLIERE//PETROLE//PRODUCTION PETROLIERE//TRANSPORT/
CDR.005,INSTITUT FRANCAIS DE PETROLE,Les marchés pétroliers,"Paris : IFP, s.d.","730 mb, 80 min",/MARCHE PETROLIER//PETROLE//PRIX DU BARIL/
CDR.006,CONSEIL BURKINABE DES CHARGEURS,"""Incidences crise ivoirienne ; desserte maritime""","Ouagadougou : CBC, 2004",1 cd-rom,/TRANSPORT//DESSERTE MARITIME//CRISE ECONOMIQUE/ DESCRIP GEO: /BURKINA FASO//COTE D'IVOIRE/
CDR.007,LIAISONS SOCIALES,Jurisprudence sociale et code du travail,"Ruel-Malmaison : Groupe LIAISONS SA, 2004",1 cd rom NOTES;: Code d'accès : 2KYC36,/JURISPRUDENCE//CODE DU TRAVAIL//LEGISLATION SOCIALE/
CDR.008,LIAISONS SOCIALES,"Les archives du quotidien 2001, 2002, 2003","Ruel-Malmaison : Groupe LIAISONS, 2004",1 cd rom NOTES;: Edition 2004,/ARCHIVES//GESTION DOCUMENTAIRE//JURISPRUDENCE//LEGISLATION SOCIALE/
CDR.009,"""AIF ; IEPF""","Informations, références et textes choisis sur le développement durable","s.l. : IEPF, 2002","1 cd rom COLLECTION : LIAISON ENERGIE FRANCOPHONIE N°55, 56, 57",/DEVELOPPEMENT DURABLE//DEVELOPPEMENT ECONOMIQUE ET SOCIAL/
CDR.010,GROUPE REVUE FIDUCIAIRE,"Le formulaire de l'entreprise juridique, commercial, social et fiscal","Paris : GRF, 2008",1cd-rom,/ENTREPRISE//DROIT//COMMERCE//SOCIAL//FISCALITE/
CDR.011,BURKINA FASO (MCPEA),Balance commerciale et commerce extérieur 1997-2002,"Ouagadougou : MCPEA, 2006","""1 cd-rom ; 299p""",/COMMERCE//COMMERCE EXTERIEUR//BALANCE COMMERCIALE/ DESCRIP GEO: /BURKINA FASO/
CDR.012,INSTITUT NATIONAL DE LA STATISTIQUE ET DE LA DEMOGRAPHIE,"Les comptes économiques de la nation , série de comptes 1999-2005 : comptes définitifs RESSOURCE  : 1 CD- ROM","Ouagadougou : INSD, 2009.",,/ECONOMIE//COMPTE//RESSOURCE FINANCIERE//MATERIEL/ DESCRIP GEO: /BURKINA FASO/
CDR.013,"INSTITUT NATIONAL DE LA STATISTIQUE ET DE LA ""DEMOGRAPHIE  ;  PROJET D'APPUI AU RENFORCEMENT DES CAPACITES DU SYSTEME"" STATISTIQUE NATIONAL(ARC-SSN)",La population du Burkina Faso de 1997-2006 : par région et province RESSOURCE  : 1 CD-ROM,"Ouagadougou : INSD, 2009.",,/RECENSEMENT//POPULATION//STATISTIQUE//DEMOGRAPHIE/ DESCRIP GEO: /BURKINA FASO/
CDR.014,"INSTITUT NATIONAL DE LA STATISTIQUE ET DE LA ""DEMOGRAPHIE  ;  PROJET D'APPUI AU RENFORCEMENT DES CAPACITES DU SYSTEME"" STATISTIQUE NATIONAL (ARC-SSN)",Projections demographiques de 2007 à 2020 : par région et privince RESSOURCE  : 1 CD-ROM,"Ouagadougou : INSD, 2009.",,/PROJECTION DEMOGRAPHIQUE//POPULATION//RECENSEMENT//STATISTIQUE/ DESCRIP GEO: /BURKINA FASO/
CDR.015,"INSTITUT NATIONAL DE LA STATISTIQUE ET DE LA ""DEMOGRAPHIE  ;  PROJET D'APPUI AU RENFORCEMENT DES CAPACITES DU SYSTEME"" STATISTIQUE NATIONAL (ARC-SSN)","Conceptions, définitions, indicateurs, méthodologies, et nomenclatures utilisés dans le système statistique national RESSOURCE  : 1 CD-ROM","Ouagadougou : INSD, 2009.",,/STATISTIQUE//METHODOLOGIE//DEMOGRAPHIE/ DESCRIP GEO: /BURKINA FASO/
CDR.016/DVD.002,SONABHY,Cérémonie de présentation de voeux du personnel de la SONABHY : vendredi 22 janvier 2010 RESSOURCE  : 1 CD-ROM + 1 DVD,"Ouagadougou : SONABHY, 2010.",,/PRESENTATION//VOEUX//SONABHY/ DESCRIP GEO: /BURKINA FASO/
CDR.017,CHAMBRE DE COMMERCE ET D'INDUSTRIE DU BURKINA FASO,Récueil des notes sectorielles 2009-2010 RESSOURCE  : 1 CD-ROM,"Ouagadougou : Chambre de Commerce et d'Industrie du Burkina Faso, 2011.",39p : ill. en coul.,/TOURISME//TRANSPORT//ENERGIE//ELEVAGE//ECONOMIE/ DESCRIP GEO: /BURKINA FASO/
CDR.018,SONABHY,SERIE D'ENTRETIENS AVEC LES RESPONSABLES DE LA SONABHY RESSOURCE  : CD-ROM115Mo,"[ OUAGADOUGOU ] : SONABHY, 2008",02H 04MN NOTES;: CINQ ( 05 ) ENTRETIENS,/TRAORE OULA//PRODUCTION PETROLIERE//OUEDRAOGO FATOUMATA//STRUCTURE DES PRIX//DIASSO JOSEPH//GESTION ENERGETIQUE//YAMEOGO T. JEAN HUBERT//MISSION//KABORE HILAIRE//ENERGIE ALTERNATIVE/
CDR.019 AUTEUR PP  : AGENCE FRANCAISE DE DEVELOPPEMENT,,Rapport annuel = annual report 1999 RESSOURCE  : CDR-ROM,,"""CDROM ; 56,6 MO""",/DEVELOPPEMENT ECONOMIQUE ET SOCIAL//INVESTISSEMENT//FINANCEMENT/
PHO.001,SONABHY,PRESENTATION DE VOEUX RESSOURCE  : 65 PHOTOS,,"PHO. 12,5/8,5 ET 18/12,5cm, EN COUL.",/PRESENTATION// VOEUX/
PHO.002,SONABHY,PRESENTATION DE VOEUX RESSOURCE  : 137 PHOTOS,,"""PHO.16,5/12,5cm; EN COUL.""",/PRESENTATION//VOEUX//YAMEOGO JOSEPH GERMAIN/
PHO.003,SONABHY,PRESENTATION DE VOEUX RESSOURCE  : 97 PHOTOS,,"""PHO.18/12,5cm; EN COUL."" NOTES;: /PRESENTATION//VOEUX//YAMEOGO JOSEPH GREMAIN/",
PHO.004,SONABHY,PRESENTATION DE VOEUX RESSOURCE  : 153 PHOTOS,,"""PHO.16/12,5cm; EN COUL.""",/PRESENTATION//VOEUX//YAMEOGO JOSEPH GERMAIN/
PHO.005,SONABHY,PRESENTATION DE VOEUX RESSOURCE  : 60 PHOTOS,,"""PHO.16/12,5cm; EN COUL.""",/PRESENTATION//VOEUX/
PHO.006,SONABHY,PRESENTATION DE VOEUX RESSOURCE  : 187 PHOTOS,,"""PHO.28/32cm,15/21cm,12,5/16cm; EN COUL.""",/PRESENTATION//VOEUX/
PHO.007,SONABHY,PRESENTATION DE VOEUX RESSOURCE  : 354 PHOTOS EN 3 VOL.,,"""PHO.16/12,5cm; EN COUL."" COLLECTION : 03 VOL",/PRESENTATION//VOEUX/
PHO.008,SONABHY,PRESENTATION DE VOEUX RESSOURCE  : 100 PHOTOS,,"""PHO.16/12,5cm; EN COUL.""",/PRESENTATION//VOEUX/
PHO.009,SONABHY,PRESENTATION DE VOEUX RESSOURCE  : 100 PHOTOS,,"""PHO.16/12,5cm; EN COUL.""",/PRESENTATION//VOEUX/
PHO.010,SONABHY,PRESENTATION DE VOEUX RESSOURCE  : 207 PHOTOS EN 2 VOL,,"""PHO.16/12,5cm; EN COUL."" COLLECTION : 02 VOL.",/PRESENTATION//VOEUX/
PHO.011,SONABHY,PRESENTATION DE VOEUX RESSOURCE  : 200 PHOTOS,,"""PHO.16/12,5cm; EN COUL.""",/PRESENTATION//VOEUX/
PHO.012,SONABHY,PRESENTATION DE VOEUX RESSOURCE  : 31 PHOTOS,,"""PHO.15,5/12,5cm; EN COUL.""",/PRESENTATION//VOEUX/
PHO.013,SONABHY,PRESENTATION DE VOEUX RESSOURCE  : 72 PHOTOS,,"""PHO.16/12,5cm; EN COUL.""",/PRESENTATION//VOEUX/
PHO.014,SONABHY,PRESENTATION DE VOEUX RESSOURCE  : 81 PHOTOS,,"""PHO.16/12,5cm; EN COUL.""",/PRESENTATION//VOEUX/
PHO.015,SONABHY,INAUGURATION RESSOURCE  : 245 PHOTOS EN 4 VOL.,,"""PHO.15/10,5cm, 18/12,5cm; EN COUL"" NOTES;: 04 VOL.",/INAUGURATION//THOMBIANO/
PHO.016,SONABHY,INAUGURATION RESSOURCE  : 74 PHOTOS,,"""PHO.16/12,5cm; EN COUL.""",/INAUGURATION/
PHO.017,SONABHY,INAUGURATION DE NOUVELLE INSTALLATION AU DEPOT DE BOBO RESSOURCE  : 117 PHOTOS,,"""PHO.15,5/12,5cm; EN COUL.""",/INAUGURATION//INSTALLATION//BOBO/
PHO.018,SONABHY,INAUGURATION RESSOURCE  : 96 PHOTOS,,"""PHO.12,5/8,5cm; EN COUL.""",/INAUGURATION/
PHO.019,SONABHY,INAUGURATION RESSOURCE  : 95 PHOTOS,,"""PHO.12,5/8,5cm; EN COUL.""",/INAUGURATION/
PHO.020,SONABHY,INAUGURATION RESSOURCE  : 65 PHOTOS,,"""PHO.17,5/12,5cm; EN COUL.""",/INAUGURATION/
PHO.021,SONABHY,INAUGURATION RESSOURCE  : 56 PHOTOS,,"""PHO.15,5/12,5cm; EN COUL.""",/INAUGURATION/
PHO.022,SONABHY,INAUGURATION RESSOURCE  : 60 PHOTOS,,"""PHO.15,5/12,5cm; EN COUL.""",/INAUGURATION/
PHO.023,SONABHY,INAUGURATION RESSOURCE  : 43 PHOTOS,,"""PHO.16,5/12,5cm; EN COUL.""",/INAUGURATION/
PHO.024,SONABHY,ARBRE DE NOEL DES ENFANTS RESSOURCE  : 43 PHOTOS,,"""PHO.16/12,5cm; EN COUL..""",/ARBRE//NOEL//ENFANT/
PHO.025,SONABHY,ARBRE DE NOEL DES ENFANTS RESSOURCE  : 96 PHOTOS,,"""PHO.16/12,5cm; EN COUL.""",/ARBRE//NOEL//ENFANT/
PHO.026,SONABHY,ARBRE DE NOEL DES ENFANTS RESSOURCE  : 155 PHOTOS EN VOL,,"""PHO.15/12,5cm; EN COUL."" COLLECTION : 02 VOL",/ARBRE//NOEL// ENFANT/
PHO.027,SONABHY,ARBRE DE NOEL DES ENFANTS RESSOURCE  : 80 PHOTOS,,"""PHO.16/12,5cm; EN COUL.""",/ARBRE//NOEL//ENFANT/
PHO.028,SONABHY,ARBRE DE NOEL DES ENFANTS RESSOURCE  : 80 PHOTOS,,"""PHO.16/12,5cm; EN COUL.""",/ARBRE//NOEL//ENFANT/
PHO.029,SONABHY,ARBRE DE NOEL DES ENFANTS RESSOURCE  : 308 PHOTOS EN 02 VOL.,,"""PHO.16/12,5cm; EN COUL."" COLLECTION : 02 VOL.",/ARBRE//NOEL//ENFANT/
PHO.030,SONABHY,ARBRE DE NOEL DES ENFANTS RESSOURCE  : 113 PHOTOS,,"""PHO.16/12,5cm; EN COUL.""",/ARBRE//NOEL//ENFANT/
PHO.031,SONABHY,ARBRE DE NOEL DES ENFANTS RESSOURCE  : 36 PHOTOS,,"""PHO.18/12,5cm; EN COUL""",/ARBRE//NOEL//ENFANT/
PHO.032,SONABHY,PRESENTATION DE SIEGE ET DEPOT RESSOURCE  : 100 PHOTOS,,"""PHO.16,5/12cm; EN COUL.""",/PRESENTATION//SIEGE//DEPOT/
PHO.033,SONABHY,PRESENTATION DE SIEGE ET DEPOT RESSOURCE  : 86 PHOTOS,,"""PHO.12,5/16cm; EN COUL.""",/PRESENTATION//SIEGE//DEPOT/
PHO.034,SONABHY,JOURNEE PROMOTIONNELLE-GAZ RESSOURCE  : 151 PHOTOS EN 02 VOL.,,"""PHO.8,5/12,5cm, 11/16cm; EN COUL."" COLLECTION : 02 VOL.",/GAZ//PROMOTIONNELLE//JOURNEE/
PHO.035,SONABHY,"""JOURNEE""""PORTES OUVRTES"""""" RESSOURCE  : 56 PHOTOS",,"""PHO.12,5/17,5cm; EN COUL.""",/JOURNEE//PORTE//OUVERTE/
PHO.036,SONABHY,CONVENTION DU PERSONNEL SUR LE PLAN STRATEGIQUE 2004-2008. RESSOURCE  : 100 PHOTOS,,"""PHO.12,5/17,5cm; EN COUL.""",/CONVENTION//PLAN STRATEGIQUE//SONABHY//RESSOURCE HUMAINE/
PHO.037,SONABHY,CONVENTION DU PERSONNEL SUR LE PLAN STRATEGIQUE 2004-2008 RESSOURCE  : 47 PHOTOS,,"""PHO.12/18cm, 8/12cm; EN COUL. ET NOIR-BLANC""",/CONVENTION//PLAN STRATEGIQUE//SONABHY//RESSOURCE HUMAINE/
PHO.038,SONABHY,INCENDIE AU DEPOT DE BINGO RESSOURCE  : 99 PHOTOS,,"""PHO.12,5/18cm; EN COUL.""",/DEPOT DE BINGO//INCENDIE/
PHO.039 AUTEUR PP  : YAMEOGO JOSEPH GERMAIN,,ABNVS FAIR PLAY: CERTIFICATION DE RECONNAISSANCE A MONSIEUR JEAN HUBERT POUR SON SOUTIENT INESTIMABLE RESSOURCE  : 67 PHOTOS,,"""PHO.17,5/12cm; EN COUL.""",/ABNVS FAIR PLAY//YAMEOGO JEAN HUBERT//RECONNAISSANCE/
CDR.020,MICROSOFT LICENSING,Microsoft Windows Server 2003 RESSOURCE  : CD,"Ouagadougou : MICROSOFT CORPORATION, 2003",7 CD NOTES;: /MICROSOFT//LICENCE//WINDOWS//SERVEUR/,
CDR.021,MICROSOFT LICENSING,Microsoft Exchange 2003 RESSOURCE  : 3 CD,"Ouagadougou : MICROSOFT CORPORATION, 2003",/MICROSOFT//LICENCE//WINDOWS//EXCHANGE/,
CDR.022,MICROSOFT LICENSING,Microsoft Corporate Error Reporting RESSOURCE  : CD,"Ouagadougou : MICROSOFT CORPORATION, 2003",1 CD,/MICROSOFT//LOGICIEL//WINDOWS/
CDR.023,MICROSOFT LICENSING,Microsoft Exchange Server 2003 : Intelligent Message Filtrer RESSOURCE  : CD,"Ouagadougou : MICROSOFT CORPORATION, 2004",,/MICROSOFT//WINDOWS//EXCHANGE//SERVEUR/
CDR.024,MICROSOFT LICENSING,Microsoft Windows : Preinstallation Environnement 2004,"Ouagadougou : MICROSOFT CORPORATION, 2004",,/MICROSOFT//WINDOWS//ENVIRONNEMENT//LOGICIEL/
CDR.025,MICROSOFT LICENSING,Microsoft Windows : Préinstallation Environnement 2004 RESSOURCE  : 1 CD,"Ouagadougou : MICROSOFT CORPORATION, 2005",,/MICROSOFT//WINDOWS//LOGICIEL//ENVIRONNEMENT/
CDR.026,MICROSOFT LICENSING,Microsoft : SQL Server 2005 RESSOURCE  : CD 1 et 2,"Ouagadougou : MICROSOFT CORPORATION, 2006",,/MICROSOFT//SQL//SERVEUR//LOGICIEL/
CDR.027,MICROSOFT LICENSING,Microsoft : SQL Server 2005 RESSOURCE  : 32 bit,"Ouagadougou : MICROSOFT CORPORATION, 2006",CD 1 et 2,/MICROSOFT//SQL//SERVEUR/
CDR.028,MICROSOFT LICENSING,Microsoft Windows Server 2003 R2 : Servers Windows,"Ouagadougou : MICROSOFT CORPORATION, 2006",Standard x64 Edition,/MICROSOFT//WINDOWS//SERVEUR/
CDR.029,MICROSOFT LICENSING,Microsoft Virtual PC Express Early Release RESSOURCE  : CD,"Ouagadougou : MICROSOFT CORPORATION, 2006",,/MICROSOFT//ASSURANCE//LOGICIEL//MATERIEL INFORMATIQUE/
DVD.003,MICROSOFT LICENSING,Microsoft SQL Server 2005 RESSOURCE  : MSDN Library DVD,"Ouagadougou : MICROSOFT CORPORATION, 2006",1 CD,/MICROSOFT//SQL//SERVEUR//LOGICIEL/
DVD.004,MICROSOFT LICENSING,Microsoft SQL Server 2005 RESSOURCE  : x64 for DVD installation,"Ouagadougou : MICROSOFT CORPORATION, 2006",1 DVD,/MICROSOFT//SQL//SERVEUR/
DVD.005,MICROSOFT LICENSING,Microsoft SQL Server 2005,"Ouagadougou : MICROSOFT CORPORATION, 2006",1 DVD,/MICROSOFT//SQL//SERVEUR//LOGICIEL/
CDR.030,MICROSOFT LICENSING,Microsoft Windows Server 2003 R2 : Servers Windows RESSOURCE  : Standard 32 bit,"Ouagadougou : MICROSOFT CORPORATION, 2007","CD 1 et 2, entreprise éd.",/MICROSOFT//WINDOWS//SERVEUR/
DVD.006,MICROSOFT LICENSING,"""Microsoft Office Professional Plus 2007 ; Applications"" microsoft Office Family RESSOURCE  : DVD","Ouagadougou : MICROSOFT CORPORATION, 2007",,/MICROSOFT OFFICE//PROFESSION//LOGICIEL/
DVD.007,MICROSOFT LICENSING,Microsoft Windows Server TM 2003 for Itanium Based Systems : Servers Windows 2007 RESSOURCE  : DVD,"Ouagadougou : MICROSOFT CORPORATION, 2007",,/MICROSOFT//WINDOWS//SERVEUR/
DVD.008,MICROSOFT LICENSING,Microsoft Windows Vista TM Enterprise : systems software Assurance Windows vista Enterprise RESSOURCE  : DVD,"Ouagadougou : MICROSOFT CORPORATION, 2007",,/MICROSOFT//WINDOWS VISTA//ASSURANCE//ENTREPRISE/
DVD.009,MICROSOFT LICENSING,Microsoft Windows Vista TM Business : systems Windows client business RESSOURCE  : DVD,"Ouagadougou : MICROSOFT CORPORATION, 2007",,/MICROSOFT//WINDOWS VISTA//CLIENTELE//AFFAIRE/
DVD.010,MICROSOFT LICENSING,Microsoft system center OPS Manager Server 2007 : Servers Applications RESSOURCE  : DVD,"Ouagadougou : MICROSOFT CORPORATION, 2007",,/MICROSOFT//SERVEUR//MANAGEMENT//LOGICIEL/
DVD.011,MICROSOFT LICENSING,Microsoft Office SharePoint Server 2007 : Servers Applications RESSOURCE  : DVD,"Ouagadougou : MICROSOFT CORPORATION, 2007",,/MICROSOFT OFFICE//SHAREPOINT//SERVEUR//LOGICIEL/
DVD.012,MICROSOFT LICENSING,"Server Applications : Microsoft SharePoint, Microsoft Office Project, Microsoft Internet security, Microsoft SQL, 2003, 2006-2007 RESSOURCE  : DVD","Ouagadougou : MICROSOFT CORPORATION, 2007",,/SERVEUR//MICROSOFT//SHAREPOINT//OFFICE PROJECT//INTERNET//SECURITE INFORMATIQUE//SQL/
DVD.013,MICROSOFT LICENSING,Microsoft Windows Server TM 2008 : Servers Windows 2008 RESSOURCE  : DVD,"Ouagadougou : MICROSOFT CORPORATION, 2008",Standard x64 édition,/MICROSOFT//WINDOWS//SERVEUR/
DVD.014,MICROSOFT LICENSING,Microsoft System Center OPS Manager Server 2007 with SP1 and SQL Server 2005 SP2 Technology,"Ouagadougou : MICROSOFT CORPORATION, 2008",,/MICROSOFT//SERVEUR//TECHNOLOGIE//MANAGEMENT/
DVD.015,MICROSOFT LICENSING,Microsoft Windows Vista TM Business : Systems Windows client Business 2008 RESSOURCE  : DVD,"Ouagadougou : MICROSOFT CORPORATION, 2008",,/MICROSOFT//WINDOWS VISTA//AFFAIRE//CLIENTELE/
DVD.016,MICROSOFT LICENSING,"""Windows Servers 2008 R2 Enterprise ; Servers Windows"" RESSOURCE  : DVD","Ouagadougou : MICROSOFT CORPORATION, 2008",X64 / 64 - bit,/WINDOWS//SERVEUR//ENTREPRISE//MICROSOFT/
DVD.017,MICROSOFT LICENSING,Microsoft Windows 7 professional : systems Windows client Business RESSOURCE  : DVD,"Ouagadougou : MICROSOFT CORPORATION, 2009",,/MICROSOFT//WINDOWS//CLIENTELE//AFFAIRE/
DVD.018,MICROSOFT LICENSING,Microsoft Exchange Server 2010 standard : Servers Applications RESSOURCE  : DVD,"Ouagadougou : MICROSOFT CORPORATION, 2009",,/MICROSOFT//EXCHANGE//SERVEUR//LOGICIEL/
DVD.019,MICROSOFT LICENSING,Microsoft Office Professional Plus 2010 : applications microsoft office family RESSOURCE  : DVD,"Ouagadougou : MICROSOFT CORPORATION, 2010",,/MICROSOFT OFFICE//LOGICIEL/
DVD.020,MICROSOFT LICENSING,Microsoft SQL Server 2008 R2 Enterprise : Servers applications RESSOURCE  : DVD,"Ouagadougou : MICROSOFT CORPORATION, 2010",,/MICROSOFT//SQL//SERVEUR//ENTREPRISE/
DVD.021,MICROSOFT LICENSING,Microsoft Office Professional Plus 2010 : Applications Microsoft Office Family 2011 RESSOURCE  : DVD et CD,"Ouagadougou : MICROSOFT CORPORATION, 2011",,/MICROSOFT OFFICE//LOGICIEL/
DVD.022,MICROSOFT LICENSING,Microsoft Windows 7 professional : systems Windows client business RESSOURCE  : DVD,"Ouagadougou : MICROSOFT CORPORATION, 2011",,/MICROSOFT//WINDOWS//CLIENTELE//AFFAIRE/
DVD.023,MICROSOFT LICENSING,Microsoft Windows Server 2008 R2 standard : Servers Windows 2011 RESSOURCE  : DVD,"Ouagadougou : MICROSOFT CORPORATION, 2011",,/MICROSOFT//WINDOWS//SERVEUR/
DVD.024,MICROSOFT LICENSING,Microsoft Office Professional Plus 2010 : Applications Microsoft Office Family RESSOURCE  : DVD,"Ouagadougou : MICROSOFT CORPORATION, 2012",w/service Pact 1,/MICROSOFT OFFICE//LOGICIEL/
DVD.025,MICROSOFT LICENSING,Microsoft Office Professional Plus 2013 : Applications Microsoft Office Family RESSOURCE  : DVD,"Ouagadougou : MICROSOFT CORPORATION, 2012",,/MICROSOFT OFFICE//LOGICIEL/
DVD.026,MICROSOFT LICENSING,Microsoft Windows 8 Pro : Systems Windows client : business 2012 RESSOURCE  : DVD,"Ouagadougou : MICROSOFT CORPORATION, 2012",32-bit x 86 Full,/MICROSOFT//WINDOWS//CLIENTELE//AFFAIRE/
DVD.027,MICROSOFT LICENSING,Microsoft Windows Server 2012 standard : Servers Windows Servers RESSOURCE  : DVD,"Ouagadougou : MICROSOFT CORPORATION, 2012",,/MICROSOFT//WINDOWS//SERVEUR/
DVD.028,MICROSOFT LICENSING,Microsoft Exchange Server standard 2013 : Servers Applications 2012 RESSOURCE  : DVD,"Ouagadougou : MICROSOFT CORPORATION, 2012",,/MICROSOFT//EXCHANGE//SERVEUR//LOGICIEL/
DVD.029,SYMANTEC,Veritas Netbackup : Server / Enterprise Server V6.5 RESSOURCE  : DVD,"s.l. : SYMANTEC CORPORATION, 2007",,/SYMANTEC//SERVEUR//ENTREPRISE//SECURITE INFORMATIQUE/
CDR.031,,"Divers fichiers sauvegardés : RESSOURCE  : 1 CD : 34,3 MO","Ouagadougou : SONABHY, 2004","""509 Fichiers ; 7 dossiers""",/SONABHY//INFORMATION//COURRIER/
CDR.032,,"Documentation sur le droit commercial, droit fiscal, droit du travail, brèves informations sur l'AFD, indicateurs économiques RESSOURCE  : 1 CD : 3,08 MO","s.l. : s.n., 2013",5 fichiers COLLECTION : Extrait de la revue : Droit des affaires du Burkina Faso 2013,/DROIT//COMMERCE//FISCALITE//TRAVAIL//AFD//INDICATEUR ECONOMIQUE//ECONOMIE/ DESCRIP GEO: /BURKINA FASO/
CDR.033,MCPEA,"Rapport en conseil des ministres adressé au Président du Faso RESSOURCE  : 1 CD : 76,5 KO","Ouagadougou : MCPEA, 2004",1 fichier Word,/CONSEIL DE MINSTRE//TAXE//PRODUIT PETROLIER//STRUCTURE DE PRIX//TPP//SONABHY/ DESCRIP GEO: /BURKINA FASO/
CDR.034,MICROSOFT,Microsoft Windows Server 2003 RESSOURCE  : 1 CD : 551 MO,"s.l. : MICROSOFT CORPORATION, 2003",8093 fichiers : 57 dossiers,/MICROSOFT//WINDOWS//SERVEUR/
CDR.035,MICROSOFT WINDOWS,"Internet Security et acceleration Server 2006 RESSOURCE  : ""1 CD ; 133 MO""","s.l. : MICROSOFT CORPORATION, 2006","""627 fichiers ; 94 dossiers""",/INTERNET//SECURITE INFORMATIQUE//SERVEUR/
CDR.036,CISCO,"CISCO Catalyst 3560 Serie Switches RESSOURCE  : 1 CD : 42,8 MO","s.l. : CISCO, 2009","""73 fichiers ; 11 dossiers""",/CISCO//SWITVHES//DOCUMENTATION/
CDR.037,HP DEVELOPMENT COMPANY,HP Proliant Networking Software drivers documentation utilities RESSOURCE  : 1 CD : 102 MO,"s.l. : HP DEVELOPMENT COMPANY, 2006","""713 fichiers ; 91 dossiers""",/HP//MATERIEL INFORMATIQUE/
CDR.038,MICROSOFT WINDOWS,Microsoft Windows XP : applications RESSOURCE  : 1 CD : 885 MO,"s.l. : MICROSOFT CORPORATION, s. d.","""13189 fichiers ; 675 dossiers""",/MICROSOFT//WINDOWS XP//LOGICIEL/
CDR.039,CANON,ImageFORMULA DR-X10C : document scanner septup disc RESSOURCE  : 1 CD : 605 MO,"s.l. : CANON ELECTRONICS INC, s. d.","""119 fichiers ; 22 dossiers""",/document//scanner//numerisation//scannerisation/
REL.001,SONABHY,DISQUE DUR D1-08 : DONNEES INFORMATIQUES AU AOUT 2018 RESSOURCE  : DISQUE DUR = RESSOURCE EN LIGNE,,BASE DE DONNEES,/DONNEE INFORMATIQUE//BASE DE DONNEES//SAUVEGARDE//SONABHY/
REL.002,SONABHY,DISQUE DUR N°001 : DONNEES INFORMATIQUES AU JUILLET 2019 RESSOURCE  : DISQUE DUR = RESSOURCE EN LIGNE,,BASE DE DONNEES,/DONNEE INFORMATIQUE//BASE DE DONNEES//SAUVEGARDE//SONABHY/
REL.003,SONABHY,DISQUE DUR N°001 : DONNEES INFORMATIQUES AU SEPTEMBRE 2019 RESSOURCE  : DISQUE DUR = RESSOURCE EN LIGNE,,BASE DE DONNEES,/DONNEE INFORMATIQUE//BASE DE DONNEES//SAUVEGARDE//SONABHY/
CDR.040,CEIA INTERNATIONAL,Divers rapports sur les travaux de construction des infrastructures au profit de la SONABHY. RESSOURCE  : 52x / 700MB / 80min,NOTES;: Pièces jointe du courrier arrivée n°1900 du 03 avril 2019,,/INFRASTRUCTURE//SONABHY//ROUTE//PARKING//DEPOT DE BINGO/
CDR.041,CEIA INTERNATIONAL,Divers rapports sur les travaux de construction des infrastructures au profit de la SONABHY RESSOURCE  : 12x speed / 700MB / 80 min,NOTES;: Pièce jointe du courrier arrivée n°4696 du 06 septembre 2019,,/INFRASTRUCTURE//SONABHY//ROUTE//PARKING//DEPOT DE BINGO/
PHO.040,SONABHY,PRENTATION DE VOEUX DU PERSONNEL A MONSIEUR LE DIRECTEUR GENERALE RESSOURCE  : 1 ALBUM DE 60 PHOTOS,,PHOTO  EN COUL.,/PRESENTATION DE VOEUX//RESSOURCEHUMAINE//DIRECTEUR GENERALE//SONBHY/
PHO.041,SONABHY,ARBRE DE NOEL RESSOURCE  : 1 LOT DE 72 PHOTOS,,PHOTO  EN COUL.,/ARBRE DE NOEL//NOEL//PARENT//ENFANT//CADEAU//SONABHY/
PHO.042,SONABHY,ARBRE DE NOEL A LA SONABHY RESSOURCE  : 1 ALBUM DE 52 PHOTOS,,PHOTO  EN COUL.,/ARBRE DE NOEL//NOEL//CADEAU//PARENT//ENFANT//SONABHY
PHO.043,SONABHY,ARBRE DE NOEL 2005 RESSOURCE  : 1 ALBUM DE 58 PHOTOS,,PHOTO  EN COUL.,/ARBRE DE NOEL//NOE//CADEAU//PARENT//ENFANT//SONABHY/
PHO.044,SONABHY,PRESENTATION DE VOEUX A L'OCASION DU NOUVEL AN 2004 RESSOURCE  : 1 ALBUM DE 72 PHOTOS,,PHOTO  EN COUL.,/PRESENTATION DE VOEUX//NOUVEL AN//RESSOURCE HUMAINE//DIRECTEUR GENERALE/
PHO.045,SONABHY,EXERCICE INCENDI CONJOINT SONABHY -BNSP RESSOURCE  : 1 ALBUM DE 148 PHOTOS,,PHOTO  EN COUL. NOTES;: THEME:FEU DE CUVETTE CONTENANT UN BAC DE SUPER 91 CAPACITE 6500 m3,/EXERCICE//INCENDIE//SECURITE//DEPOT DE BINGO//BNSP//SONABHY/
BAN.001,SONABHY,BANDE DE SAUVEGARDE (CARTOUCHE DE DONNEES) : M1J RESSOURCE  : 800GB,,,/SAUVEGARDE//BASE DE DONNEES//SONABHY/
BAN.002,SONABHY,BANDE DE SAUVEGARDE (CARTOUCHE DE DONNEES) M2J RESSOURCE  : 800MG,,,/SAUVEGARDE//BASEDE DONNEES//SONABHY/
BAN.003,SONABHY,BANDE DE SAUVEGARDE (CARTOUCHE DE DONNEES) M3J RESSOURCE  : 800MG,,,/SAUVEGARDE//BASEDE DONNEES//SONABHY/
BAN.004,SONABHY,BANDE DE SAUVEGARDE (CARTOUCHE DE DONNEES) M4J RESSOURCE  : 800MG,,,/SAUVEGARDE//BASE DE DONNEES//SONABHY/
BAN.005,SONABHY,BANDE DE SAUVEGARDE (CARTOUCHE DE DONNEES) M5J RESSOURCE  : 800MG,,,/SAUVEGARDE//BASE DE DONNEES//SONABHY/
BAN.006,SONABHY,BANDE DE SAUVEGARDE (CARTOUCHE DE DONNEES) M6J RESSOURCE  : 800MG,,,/SAUVEGARDE//BASEDE DONNEES//SONABHY/
BAN.007,SONABHY,BANDE DE SAUVEGARDE (CARTOUCHE DE DONNEES) M7J RESSOURCE  : 800MG,,,/SAUVEGARDE//BASE DE DONNEES//SONABHY/
BAN.008,SONABHY,BANDE DE SAUVEGARDE (CARTOUCHE DE DONNEES) M8J RESSOURCE  : 800MG,,,/SAUVEGARDE//BASE DE DONNEES//SONABHY/
BAN.009,SONABHY,BANDE DE SAUVEGARDE (CARTOUCHE DE DONNEES) M9J RESSOURCE  : 800MG,,,/SAUVEGARDE//BASE DE DONNEES//SONABHY/
BAN.010,SONABHY,BANDE DE SAUVEGARDE (CARTOUCHE DE DONNEES) M10J RESSOURCE  : 800MG,,,/SAUVEGARDE//BASE DE DONNEES//SONABHY/
BAN.011,SONABHY,BANDE DE SAUVEGARDE (CARTOUCHE DE DONNEES) M11J RESSOURCE  : 800MG,,,/SAUVEGARDE//BASE DE DONNEES//SONABHY/
BAN.012,SONABHY,BANDE DE SAUVEGARDE (CARTOUCHE DE DONNEES) M12J RESSOURCE  : 800MG,,,/SAUVEGARDE//BASE DE DONNEES//SONABHY/
BAN.013,SONABHY,BANDE DE SAUVEGARDE (CARTOUCHE DE DONNEES) M13J RESSOURCE  : 800MG,,,/SAUVEGARDE//BASE DE DONNEES//SONABHY/
BAN.014,SONABHY,BANDE DE SAUVEGARDE (CARTOUCHE DE DONNEES) M14J RESSOURCE  : 800MG,,,/SAUVEGARDE//BASE DE DONNEES//SONABHY/
BAN.015,SONABHY,BANDE DE SAUVEGARDE (CARTOUCHE DE DONNEES) M15J RESSOURCE  : 800MG,,,/SAUVEGARDE//BASE DE DONNEES//SONABHY/
BAN.016,SONABHY,BANDE DE SAUVEGARDE (CARTOUCHE DE DONNEES) M16J RESSOURCE  : 800MG,,,/SAUVEGARDE//BASE DE DONNEES//SONABHY/
BAN.017,SONABHY,BANDE DE SAUVEGARDE (CARTOUCHE DE DONNEES) M17J RESSOURCE  : 800MG,,,/SAUVEGARDE//BASE DE DONNEES//SONABHY/
BAN.018,SONABHY,BANDE DE SAUVEGARDE (CARTOUCHE DE DONNEES) M18J RESSOURCE  : 800MG,,,/SAUVEGARDE//BASE DE DONNEES//SONABHY/
BAN.019,SONABHY,BANDE DE SAUVEGARDE (CARTOUCHE DE DONNEES) M19J RESSOURCE  : 800MG,,,/SAUVEGARDE//BASE DE DONNEES//SONABHY/
BAN.020,SONABHY,BANDE DE SAUVEGARDE (CARTOUCHE DE DONNEES) M20J RESSOURCE  : 800MG,,,/SAUVEGARDE//BASE DE DONNEES//SONABHY/
BAN.021,SONABHY,BANDE DE SAUVEGARDE (CARTOUCHE DE DONNEES) M21J RESSOURCE  : 800MG,,,/SAUVEGARDE//BASE DE DONNEES//SONABHY/
BAN.022,SONABHY,BANDE DE SAUVEGARDE (CARTOUCHE DE DONNEES) M22J RESSOURCE  : 800MG,,,/SAUVEGARDE//BASE DE DONNEES//SONABHY/
BAN.023,SONABHY,BANDE DE SAUVEGARDE (CARTOUCHE DE DONNEES) M23J RESSOURCE  : 800MG,,,/SAUVEGARDE//BASE DE DONNEES//SONABHY/
BAN.024,SONABHY,BANDE DE SAUVEGARDE (CARTOUCHE DE DONNEES) M24J RESSOURCE  : 800MG,,,/SAUVEGARDE//BASE DE DONNEES//SONABHY/
BAN.025,SONABHY,BANDE DE SAUVEGARDE (CARTOUCHE DE DONNEES) M25J RESSOURCE  : 800MG,,,/SAUVEGARDE//BASE DE DONNEES//SONABHY/
BAN.026,SONABHY,BANDE DE SAUVEGARDE (CARTOUCHE DE DONNEES) M26J RESSOURCE  : 800MG,,,/SAUVEGARDE//BASE DE DONNEES//SONABHY/
BAN.027,SONABHY,BANDE DE SAUVEGARDE (CARTOUCHE DE DONNEES) M27J RESSOURCE  : 800MG,,,/SAUVEGARDE//BASE DE DONNEES//SONABHY/
BAN.028,SONABHY,BANDE DE SAUVEGARDE (CARTOUCHE DE DONNEES) M28J RESSOURCE  : 800MG,,,/SAUVEGARDE//BASE DE DONNEES//SONABHY/
BAN.029,SONABHY,BANDE DE SAUVEGARDE (CARTOUCHE DE DONNEES) M29J RESSOURCE  : 800MG,,,/SAUVEGARDE//BASE DE DONNEES//SONABHY/
BAN.029,SONABHY,BANDE DE SAUVEGARDE (CARTOUCHE DE DONNEES) M29J RESSOURCE  : 800MG,,,/SAUVEGARDE//BASE DE DONNEES//SONABHY/
BAN.030,SONABHY,BANDE DE SAUVEGARDE (CARTOUCHE DE DONNEES) M30J RESSOURCE  : 800MG,,,/SAUVEGARDE//BASE DE DONNEES//SONABHY/
BAN.031,SONABHY,BANDE DE SAUVEGARDE (CARTOUCHE DE DONNEES) M31J RESSOURCE  : 800MG,,,/SAUVEGARDE//BASE DE DONNEES//SONABHY/
BAN.032,SONABHY,BANDE DE SAUVEGARDE (CARTOUCHE DE DONNEES) M32J RESSOURCE  : 800MG,,,/SAUVEGARDE//BASE DE DONNEES//SONABHY/
BAN.033,SONABHY,BANDE DE SAUVEGARDE (CARTOUCHE DE DONNEES) M33J RESSOURCE  : 800MG,,,/SAUVEGARDE//BASE DE DONNEES//SONABHY/
BAN.034,SONABHY,BANDE DE SAUVEGARDE (CARTOUCHE DE DONNEES) M34J RESSOURCE  : 800MG,,,/SAUVEGARDE//BASE DE DONNEES//SONABHY/
BAN.035,SONABHY,BANDE DE SAUVEGARDE (CARTOUCHE DE DONNEES) M35J RESSOURCE  : 800MG,,,/SAUVEGARDE//BASE DE DONNEES//SONABHY/
CDR.042,SONABHY,DONNEES SUR LA FACTURATION : CD-ROM DU OFFICE PRO 2003 RESSOURCE  : 700MB,,80 minutes,/BASE DE DONNEES// FACTURATION// SONABHY/
CDR.043,SONABHY,DONNEES SUR LA FACTURATION : CD-ROM DU 25 AOUT 2005 RESSOURCE  : 700MB,,80 minutes,/BASE DE DONNEES// FACTURATION// SONABHY/
CDR.044,SONABHY,DONNEES SUR LA FACTURATION : CD-ROM DU 05 SEPTEMBRE 2005 RESSOURCE  : 700MB,,80 minutes,/BASE DE DONNEES// FACTURATION// SONABHY/
CDR.045,SONABHY,"DONNEES SUR LA FACTURATION : CD-ROM DU 1er, 25,26,29,30,31 SEPTEMBRE 2005 RESSOURCE  : 700MB",,80 minutes,/BASE DE DONNEES// FACTURATION// SONABHY/
CDR.046,SONABHY,DONNEES SUR LA FACTURATION : CD-ROM DU 07 SEPTEMBRE 2005 RESSOURCE  : 700MB,,80 minutes,/BASE DE DONNEES// FACTURATION// SONABHY/
CDR.047,SONABHY,DONNEES SUR LA FACTURATION : CD-ROM DU 20 SEPTEMBRE 2005 RESSOURCE  : 700MB,,80 minutes,/BASE DE DONNEES// FACTURATION// SONABHY/
CDR.048,SONABHY,DONNEES SUR LA FACTURATION : CD-ROM DU 1er SEPTEMBRE 2005 RESSOURCE  : 700MB,,80 minutes,/BASE DE DONNEES// FACTURATION// SONABHY/
CDR.049,SONABHY,DONNEES SUR LA FACTURATION : CD-ROM DU 12 SEPTEMBRE 2005 RESSOURCE  : 730MB,,80 minutes,/BASE DE DONNEES// FACTURATION// SONABHY/
CDR.050,SONABHY,DONNEES SUR LA FACTURATION : CD-ROM DU 13 SEPTEMBRE 2005 RESSOURCE  : 730MB,,80 minutes,/BASE DE DONNEES// FACTURATION// SONABHY/
CDR.051,SONABHY,"DONNEES SUR LA FACTURATION : CD-ROM DU 22 SEPTEMBRE ,2005 RESSOURCE  : 700MB",,80 minutes,/BASE DE DONNEES// FACTURATION// SONABHY/
CDR.052,SONABHY,DONNEES SUR LA FACTURATION : CD-ROM DU 23 SEPTEMBRE 2005 RESSOURCE  : 730MB,,80 minutes,/BASE DE DONNEES// FACTURATION// SONABHY/
CDR.053,SONABHY,DONNEES SUR LA FACTURATION : CD-ROM DU 06 OCTOBRE 2005 RESSOURCE  : 730MB,,80 minutes,/BASE DE DONNEES// FACTURATION// SONABHY/
CDR.054,SONABHY,DONNEES SUR LA FACTURATION : CD-ROM DU 17 OCTOBRE 2005 RESSOURCE  : 700MB,,80 minutes,/BASE DE DONNEES// FACTURATION// SONABHY/
CDR.055,SONABHY,DONNEES SUR LA FACTURATION : CD-ROM DU 1er MARSS 2006 RESSOURCE  : 730MB,,80 minutes,/BASE DE DONNEES// FACTURATION// SONABHY/
CDR.056,SONABHY,DONNEES SUR LA FACTURATION : CD-ROM DU 03 MARS 2006 RESSOURCE  : 700MB,,80 minutes,/BASE DE DONNEES// FACTURATION// SONABHY/
CDR.057,SONABHY,DONNEES SUR LA FACTURATION : CD-ROM DU 03 MARS 2006 RESSOURCE  : 700MB,,80 minutes,/BASE DE DONNEES// FACTURATION// SONABHY/
CDR.058,SONABHY,DONNEES SUR LA FACTURATION : CD-ROM DU 06 MARS 2006 RESSOURCE  : 700MB,,80 minutes,/BASE DE DONNEES// FACTURATION// SONABHY/
CDR.059,SONABHY,"DONNEES SUR LA FACTURATION : CD-ROM DU 09 MARS 2006, RESSOURCE  : 700MB",,80 minutes,/BASE DE DONNEES// FACTURATION// SONABHY/
CDR.060,SONABHY,DONNEES SUR LA FACTURATION : CD-ROM DU 10 MARS 2006 RESSOURCE  : 700MB,,80 minutes,/BASE DE DONNEES// FACTURATION// SONABHY/
CDR.061,SONABHY,DONNEES SUR LA FACTURATION : CD-ROM DU 10 MARS 2006 RESSOURCE  : 700MB,,80 minutes,/BASE DE DONNEES// FACTURATION// SONABHY/
CDR.062,SONABHY,DONNEES SUR LA FACTURATION : CD-ROM DU 17 MARS 2006 RESSOURCE  : 700MB,,80 minutes,/BASE DE DONNEES// FACTURATION// SONABHY/
CDR.063,SONABHY,DONNEES SUR LA FACTURATION : CD-ROM DU 20 MARS 2006 RESSOURCE  : 700MB,,80 minutes,/BASE DE DONNEES// FACTURATION// SONABHY/
CDR.064,SONABHY,DONNEES SUR LA FACTURATION : CD-ROM DU 20 MARS 2006 RESSOURCE  : 700MB,,80 minutes,/BASE DE DONNEES// FACTURATION// SONABHY/
CDR.065,SONABHY,DONNEES SUR LA FACTURATION : CD-ROM DU 26 MARS 2006 RESSOURCE  : 700MB,,80 minutes,/BASE DE DONNEES// FACTURATION// SONABHY/
CDR.066,SONABHY,DONNEES SUR LA FACTURATION : CD-ROM DU 31 MARS 2006 RESSOURCE  : 700MB,,80 minutes,/BASE DE DONNEES// FACTURATION// SONABHY/
CDR.067,SONABHY,DONNEES SUR LA FACTURATION : CD-ROM DU 21 MARS 2006 RESSOURCE  : 700MB,,80 minutes,/BASE DE DONNEES// FACTURATION// SONABHY/
CDR.068,SONABHY,DONNEES SUR LA FACTURATION : CD-ROM DU 21 MARS 2006 RESSOURCE  : 700MB,,80 minutes,/BASE DE DONNEES// FACTURATION// SONABHY/
CDR.069,SONABHY,DONNEES SUR LA FACTURATION : CD-ROM DU 23 MARS 2006 RESSOURCE  : 700MB,,80 minutes,/BASE DE DONNEES// FACTURATION// SONABHY/
CDR.070,SONABHY,DONNEES SUR LA FACTURATION : CD-ROM DU 24 MARS 2006 RESSOURCE  : 700MB,,80 minutes,/BASE DE DONNEES// FACTURATION// SONABHY/
CDR.071,SONABHY,DONNEES SUR LA FACTURATION : CD-ROM DU 13 AVRIL 2006 RESSOURCE  : 700MB,,80 minutes,/BASE DE DONNEES// FACTURATION// SONABHY/
CDR.072,SONABHY,DONNEES SUR LA FACTURATION : CD-ROM DU VENDREDI 14 AVRIL 2006 RESSOURCE  : 700MB,,80 minutes,/BASE DE DONNEES// FACTURATION// SONABHY/
DIS.003,SONABHY,BASE DE DONNEES PETROL : FICHIER DE DEFINITION RESSOURCE  : 1.44MB,,,/BASE DE DONNEES// PETROL// ARCHIVES //SONABHY/
DIS.004,SONABHY,BASE DE DONNEES PETROL : ISO : EXPORTATION RESSOURCE  : 1.44MB,,,/BASE DE DONNEES// ARCHIVES //SONABHY/
DIS.005,SONABHY,BASE DE DONNEES DECOM : FICHIER DE DEFINITION RESSOURCE  : 1.44MB,,,/BASE DE DONNEES// ARCHIVES//SONABHY/
DIS.006,SONABHY,BASE DE DONNEES DECOM ISO : EXPORTATION RESSOURCE  : 1.44MB,,,/BASE DE DONNEES// ARCHIVES //SONABHY/
DIS.007,SONABHY,BASE DE DONNEES DADFI : FICHIER DE DEFINITION RESSOURCE  : 1.44MB,,,/BASE DE DONNEES//DADFI// ARCHIVES//SONABHY/
DIS.008,SONABHY,BASE DE DONNEES DADFI : EXPORTATION RESSOURCE  : 1.44MB,,,/BASE DE DONNEES// ARCHIVES //SONABHY/
DIS.009,SONABHY,BASE DE DONNEES DIGEN : FICHIER DE DEFINITION RESSOURCE  : 1.44MB,,,/BASE DE DONNEES// DIGEN//ARCHIVES //SONABHY/
DIS.010,SONABHY,BASE DE DONNEES DIGEN.ISO : FICHIER D'EXPORTATION RESSOURCE  : 1.44MB,"OUAGADOUGOU : SONABHY, s.d.",,/BASE DE DONNEES//ARCHIVES//DIGEN//SONABHY/
DIS.011,SONABHY,BASE DE DONNEES INCONNUE,,,/BASE DE DONNEES //SONABHY/
DIS.012,SONABHY,BASE DE DONNEES INCONNUE,,,/BASE DE DONNEES// INCONNUE //SONABHY/
AUD.001,SONABHY,BASE DE DONNEES SUR SAUVEGARDE COMPLETTE DU MARDI 03 JUIN 2003 RESSOURCE  : MINI CASSETTE DE 120.GB,,,/BASE DE DONNEE//INCONNUE //SONABHY/
REL.004,SONABHY,Disque dur externe de sauvegarde de données informatiques n°003 du 02 fevrier 2023 au 04 mars 2023.,,,/DONNEE INFORMATIQUE//DONNEE NUMERIQUE//SAUVEGARDE//INFORMATIQUE//SONABHY/
REL.005,SONABHY,SYSTEME D'INFORMATION :DONNEE INFORMATIQUE: DISQUE DUR EXTERNE DE SAUVEGARDE BDJDE 07/04/2023 AU 08/05 2023,,,DONNEE INFORMATIQUESAUVEGARDE BDJDESONABHY
REL.006,SONABHY,"SYSTEME D'INFORMATION :DONNEE INFORMATIQUE: DISQUE DUR EXTERNE DE SAUVEGARDE BD GAZ BUTANE02/02/2023, BDJE 05/03/2023,06/04/2023, 25/05/2023,026/05/2023 RESSOURCE  : DISQUE DUR",,,DONNEE INFORMATIQUEKIRASAUVEGARDE SONABHY
"REL.007 AUTEUR PP  : SYSTEME D'INFORMATION : DONNEE INFORMATIQUE :SAUVEGARDE BDE DU 09/05/2023 AU24/05/2023,SAUVEGARDE BD KIRA DU ""06/03/2023 AU26/03/2023;SAUVEGARDE BDRT DU 07/03/203 AU 23/05/2023""",SONABHY RESSOURCE  : DISQUE DUR,,,,DONNEE INFORMATIQUESONABHYBASEXRTJDE ENTRIPRISE
"REL.008 AUTEUR PP  : SYSTEME D'INFORMATION : DONNEE INFORMATIQUE :SAUVEGARDE BDEDU 27/05/023 AU 01/06/2023 ,SAUVEGARDE BDVM VJDEBDD 10/06/2023",SONABHY RESSOURCE  : DISQUE DUR,,,,DONNEE INFORMATIQUESONABHYSIEVDEBDD
"REL.009 AUTEUR PP  : SYSTEME D'INFORMATION : DONNEE INFORMATIQUE : ""SAUVEGARDE BD GAZ BTUTANE DU  29/05/2023 AU 28/06/2023 ; 02/006/2023 AU"" ""05/06/2023 ; KIRA DU 27/05/2023 AU 28/06/2023 ; bdxrt du 30/05/2023  AU"" ""28/06/2023 ; VMSIEVIDEBDD 20/06/2023.""",SONABHY RESSOURCE  : DISQUE DUR,,"OUAGADOUGOU : SONABHY, 2023",,DONNEE INFORMATIQUESONABHYSIEVDEBDDGAZ BUTANEDOCUBASEJD ENTREPRISERESOURCE HUMAINE
REL.010 AUTEUR PP  : SYSTEME D'INFORMATION : DONNEE INFORMATIQUE :SAUVEGARDEVMSCEVDEDD SUITB(192.168.100 :PARTITION ET D,SONABHY RESSOURCE  : DISQUE DUR,,,,DONNEE INFORMATIQUESONABHYSIEVDEBDDDOCUBASE
REL.011,SONABHY,"Données informatiques : Sauvegarde des données ""informatiques ; JDE, KIRA, ZRT, eSYSCOA, GAZ"" PERSONNEL, SIEVBDGED, SERVEURS de fichiers février - aout 2023.","Ouagadougou : SONABHY, 2023",,/DONNEE INFORMATIQUE//BASE DE DONNEES//SAUVEGARDE//JDE//GED//SRT//GAZ PERSONNEL//KIRA//ESYSCOA//SERVEUR/
REL.012,SONABHY,Données informatiques : HDD 1023-01 : SAUVEGARDE DE BDJDE production du 06 juillet -04 aout 2023,"Ouagadougou : SONABHY, 2023",DISQUE DUR EXTERNE,/DONNEES INFORMATIQUE//BASES DE DONNEES//SAUVEGARDE//JDE//INFORMATIQUE/
REL.013,SONABHY,"Données informatiques : HDD 1023-02 : Sauvegarde BD ""GAZ PERSONNEL (07/08/2023 - 23/10/2023) ; Workspace"" (DEV+PROD) et outils de déploiement gaz personnel ""(26/10/2023) ; requête SQL JDE (10/10/2023) ; BD JDE"" ""PRODUCTION (05/08/2023-23/10/2023) ; BD KIRA"" (07/08/2023 - 06/09/2023) BD XRT (09/08/2023 - 12/10/2023)","Ouagadougou : SONABHY, 2023",,/DONNEES INFORMATIQUE//BASES DE DONNEES//SAUVEGARDE//WORKSPACE//JDE//KIRA//ZRT//GAZ BUTANE//RESSOURCE HUMAINE/
REL.014,SONABHY,"Données informatiques : Sauvegarde du 15012024 : BD ""GAZ PERSONNEL (04/09/2023 - 05/01/2024) ; BD JDE"" ""(20/10/2023 - 28/12/2023) ; BD XRT (16/08/2023 -"" 03/01/2024)","Ouagadougou : SONABHY, 2024",DISQUE DUR EXTERNE,/DONNEE INFORMATIQUE//BASE DE DONNEES//SAUVEGARDE//JDE//XRT//GAZ BUTANE//RESSOURCE HUMAINE/
PHO.046,SONABHY,ATELIER BROW-BAG SUR LE MECANISME FIXATION DES PRISE DES YDOCARBURES RESSOURCE  : ALBUM GRAND FORMAT,,PHOTO  EN COUL. NOTES;: THEME:FEU DE CUVETTE CONTENANT UN BAC DE SUPER 91 CAPACITE 6500 m3,/ HYDROCARBURE//PRIX//FORMATION//BROW-BAG//SONABHY/ /CAPES/
PHO.047,SONABHY,ACTIVITE SPORTIVES :AS SONABHY RESSOURCE  : ALBUM GRAND FORMAT,,PHOTO  EN COUL. NOTES;: THEME:FEU DE CUVETTE CONTENANT UN BAC DE SUPER 91 CAPACITE 6500 m3,/ SPORT//AS-SONABHY//HAND-BALL//FOOTBALL/
PHO.048,SONABHY,PRESENTATION DE VOEUX DE LA SONABHY EN 2018 RESSOURCE  : ALBUM GRAND FORMAT,,107 PHOTOS  EN COUL. NOTES;: BON ETAT,/ PRESENTATION VOEUX//NOUVEL AN//SONABHY/
PHO.049,SONABHY,CEREMONIE DE REMISE OFFICIELLE DE 02 BUS A LA MUTUELLE DE LA SONABHY PAR LA DIRECTION GENERALE DE LA SONABHY RESSOURCE  : ALBUM GRAND FORMAT,,68 PHOTOS  EN COUL. NOTES;: BON ETAT,/SONABHY//BUS//MUTRAS
PHO.050,SONABHY,CEREMONIE DE PASSATION DE CHARGE ENTRE PARE NAZAIRE ENTRANT ET ILBOUDO SEYDOU RESSOURCE  : ALBUM GRAND FORMAT,,54 PHOTOS  EN COUL. NOTES;: BON ETAT,/PASSATION DE CHARGE//PARE NAZAIRE//ILBOUDO SEYDOU/
PHO.051,SONABHY,CEREMONIE D'HOMMAGE ET DE RECONNAISSANCE DES ANCIENS DIRECTEURS GENERAUX DE LA SONABHY RESSOURCE  : ALBUM GRAND FORMAT,,74 PHOTOS  EN COUL. NOTES;: BON ETAT,/HOMMAGE//ANCIEN DIRECTEUR GENERAL//RECONNAISSANCE//SONABHY/
PHO.052,SONABHY,"JOURNEE DE CONVENTION DU PERSONNEL SUR LE LANCEMENT DU ""PROJET """"REFONTE DU PROGICIEL DE GESTION INTEGREE (ERR"" JD EDWARDS JDI) RESSOURCE  : ALBUM GRAND FORMAT",,122 PHOTOS  EN COUL. NOTES;: BON ETAT,/LANCEMENT//PROJET INFORMATIQUE//PROGICIEL DE GESTION INTEGRE//J D ENTREPRISE/
PHO.053,SONABHY,CEREMONIE DE PASSATION DE CHARGE ENTRE HILAIRE KABORE ET ABOUBACAR NACRO RESSOURCE  : ALBUM GRAND FORMAT,,54 PHOTOS  EN COUL. NOTES;: BON ETAT,/CEREMONIE DE PASSATION//PASSATION//HILAIRE KABORE//ABOUBACAR NACRO
PHO.054,SONABHY,ATELIER SUR LA CHAINE LOGISTIQUE DU GAZ BUTANE RESSOURCE  : ALBUM GRAND FORMAT (DOC PHYSIQUE PLUS DOC NUMERIQUE (CLE USB),,120 PHOTOS  EN COUL. NOTES;: BON ETAT,/GAZ BUTANE//CONSOMMATEUR//ECONOMIE//LOGISTIQUE/
PHO.055,SONABHY,CEREMONIE DE LANCEMENT DES TRAVAUX D'EXTENSION DES INSTALLATIONS DES DEPOTS DE BINGO ET BOBO DIOULASSO RESSOURCE  : ALBUM GRAND FORMANT,,120 PHOTOS  EN COUL. NOTES;: BON ETAT,/EXTENSION//DEPOT BINGO//LANCEMENT//DEPOT BOBO/
PHO.056,SONABHY,PASSATION DE FONCTION ENTRE LE PCA SORTANT SEYDOU ILBOUDO ET LE PCA ENTRANT HONORE HADI YONLI RESSOURCE  : ALBUM GRAND FORMANT,,77 PHOTOS  EN COUL. NOTES;: BON ETAT,/PASSATION CHARGE//ILBOUDO SEYDOU//YONLI HONORE HADI//SONABHY/
PHO.057,SONABHY,CEREMONIE DE POT D'AUREVOIR AUX RETRAITES DE LA SONABHY SUIVIE DE REMISE DE MEDAILLE RESSOURCE  : ALBUM GRAND FORMANT,,90 PHOTOS  EN COUL. NOTES;: BON ETAT,/RETRAITE//DEPART A LA RETRAITE//MEDAILLE//SONABHY//RESSOURCE HUMAINE/
PHO.058,SONABHY,SIGNATURE DE CONVENTION CADRE DE PARTENARIAT SONABHY CHAMBRE DE METIERS DE L'ARTISANAT DU BF SEPT 2021 RESSOURCE  : ALBUM GRAND FORMANT,,58 PHOTOS  EN COUL. NOTES;: BON ETAT,/PARTENARIAT//SONABHY//CMABF//SIGNATURE
REL.015,SONABHY,"DONNEES INFORMATIQUES: DISQUE DUR HDD0224-01 DU 08-02-2024:SI, EVBDD1, SIEVSCCM, SIEVSCDPM, SIEVSCSM, SIEVSCVMM",,DISQUE DUR EXTERNE NOTES;: BON ETAT,/BASE DE DONNEE//INFORMATIQUE//SAUVEGARDE/
REL.016,SONABHY,"DONNEES INFORMATIQUES : DISQUE DUR HDD0224-02 DU 08-02-2024:SIEVDHCP, SIEVSEDR,",,DISQUE DUR NOTES;: BON ETAT,/BASE DE DONNEE//INFORMATIQUE//SAUVEGARDE/
REL.017,SONABHY,"DONNEES INFORMATIQUES : DISQUE DUR HDD0224-02 DU 08-02-2024:JDZBDD,JDZDEV,JDEENT,JDEOVR,JDEWEB1",,DISQUE DUR NOTES;: BON ETAT,/BASE DE DONNEE//INFORMATIQUE//SAUVEGARDE//JDE//DONNEE INFORMATIQUE/
REL.019,SONABHY,DONNEES INFORMATIQUES : DISQUE DUR HDD0424-01,,DISQUE DUR NOTES;: BON ETAT,/GED//GAZBUTANE//RESSOURCE HUMAINE//CONTRAT/DONNE INFORMATIQUE//BASE DE DONNEE/
REL.020,SONABHY,"DISQUE DUR : HDD0624-01:192.1680.203:(SIEVDC2,SIEVFILES2,SIEVG EDBDD,SIEVGEDWEB,SIEVMBX2,SIEVVIDS,OTHER) DU 08-06-2024 ET 192.168.0.2040DU 08-06-2024",,DISQUE DUR NOTES;: BON ETAT,/GED// INFORMATIQUE//BASE DE DONNEE//SERVEUR/
REL.021,SONABHY,"""DISQUE DUR :  HDD0624-02:172.20.10.201;"" (SIEVBDD1,SIEVsccm,SIEVSCDPM,SIEVSCOM,SIEVSCSM,SI ""EVSCVMM,); 172.20.10.202 (SIEVDHCP,SIEVSEDR);"" 172.20.10.210 (SIEVMAARCHRM)",,DISQUE DUR NOTES;: BON ETAT,/ INFORMATIQUE//BASE DE DONNEE//MAARCH/
REL.022,SONABHY,"""DISQUE DUR :  HDD0624-03:172.20.10.100;"" (JDEBDD,JDEWEB1,JDEENT,JDEDEP,JDEOVR) DU 08-06-2024",,DISQUE DUR NOTES;: BON ETAT,/ INFORMATIQUE//BASE DE DONNEE//WEB//SERVEUR/
REL.023,SONABHY,"""DISQUE DUR :  HDD0624-04:192.20.168.0.100;"" (SIEVJDEBDD,SIEVJDEWEB1,SIEVJDEWEB2, SIEVJDEENT, SIEVJDEDEP,SIEVJDEOVR, SIEVFIN01, SIEVXRT,SIEVKIRA) DU 08-06-2024",,DISQUE DUR NOTES;: BON ETAT,/ INFORMATIQUE//BASE DE DONNEE//WEB//SERVEUR//JDE//DISQUE DUR//KIRA//FINANCE/
REL.024,SONABHY,"DISQUE DUR :  HDD0624-05:DOCUBASE(13-04-2024 /24-06-2024) JDE (12-03-2024/22-05-2024) PROJET ""GESTION DES CONTRATS (19-03-2024); XRT"" (28-02-2024/19-06-2024)",,DISQUE DUR NOTES;: BON ETAT,/ INFORMATIQUE//BASE DE DONNEE//JDE//DISQUE DUR//DOCUBASE//GESTION DES CONTRAT//GAZ BUTANE//PERSONNEL//XRT/
REL.025,SONABHY,"[DONNEES INFORMATIQUES]:DISQUE DUR HDD 1224-01: GEDBDD DOCUBASE(13/04/2024-15/08/2024), GAZPERSONNEL DB(25/06/2024-15/08/2024), JDE_PRODUCTION(23/05/2024-30/07/2024), JDE920 (24/05/2024-26/07/2024), JDE_PY920, JDE_PS920, JDE_DV920, JDE_DEVELOPEMENT , JDE_CRP , JDE_BIP(31/05/2024), REQUETES SQL PROJETS SQL, PROJETS (26/06/2024), XRTPRODUCTION XRT, COMMONS XRT, FORMABANK (22/05/2024)",,DISQUE DUR,/BASE DE DONNEE/ /ARCHIVAGE ELECTRONIQUE/ /DOCUBASE/ /DONNEE INFORMATIQUE/
